[
  {
    "id": "4ce2944c-0622-4e37-8a66-4faef309f26e",
    "data": [
      {
        "text": "я не хочу разговаривать с тобой об этом",
        "userDefined": false
      }
    ],
    "isTemplate": false,
    "count": 0,
    "updated": 0
  },
  {
    "id": "915781b4-5828-4585-acd5-682d51d7eb1a",
    "data": [
      {
        "text": "не хочу разговаривать",
        "userDefined": false
      }
    ],
    "isTemplate": false,
    "count": 0,
    "updated": 0
  },
  {
    "id": "33f3960e-6e12-4685-b67e-5398f0027bda",
    "data": [
      {
        "text": "я больше с тобой не разговариваю",
        "userDefined": false
      }
    ],
    "isTemplate": false,
    "count": 0,
    "updated": 0
  },
  {
    "id": "c4ab5f08-3c0d-46cc-b6e7-2192bdd18946",
    "data": [
      {
        "text": "давай помолчим",
        "userDefined": false
      }
    ],
    "isTemplate": false,
    "count": 0,
    "updated": 0
  },
  {
    "id": "70429086-b817-4e53-bb4e-f752ea9ee21d",
    "data": [
      {
        "text": "не хочу с тобой общаться",
        "userDefined": false
      }
    ],
    "isTemplate": false,
    "count": 0,
    "updated": 0
  },
  {
    "id": "29ad6efb-9b52-4c47-8466-a4785f28ae7b",
    "data": [
      {
        "text": "давай немного помолчим",
        "userDefined": false
      }
    ],
    "isTemplate": false,
    "count": 0,
    "updated": 0
  },
  {
    "id": "b05016d0-55b7-4607-966c-c7107c2655c8",
    "data": [
      {
        "text": "я не в настроении разговаривать",
        "userDefined": false
      }
    ],
    "isTemplate": false,
    "count": 0,
    "updated": 0
  },
  {
    "id": "e0426317-1526-40ab-b267-6f5d00bb42ae",
    "data": [
      {
        "text": "давай замолчим на минутку",
        "userDefined": false
      }
    ],
    "isTemplate": false,
    "count": 0,
    "updated": 0
  }
]