[
  {
    "id": "1967e1cb-8457-47c4-ad79-5d34d11154c9",
    "data": [
      {
        "text": "хочу обняться",
        "userDefined": false
      }
    ],
    "isTemplate": false,
    "count": 0,
    "updated": 0
  },
  {
    "id": "6dcbf1a0-82fe-4665-84fd-be56da65caf7",
    "data": [
      {
        "text": "хочешь обниму",
        "userDefined": false
      }
    ],
    "isTemplate": false,
    "count": 0,
    "updated": 0
  },
  {
    "id": "39fb2bb4-698d-4036-b167-63d8b9b7ffff",
    "data": [
      {
        "text": "ты меня обнимаешь",
        "userDefined": false
      }
    ],
    "isTemplate": false,
    "count": 0,
    "updated": 0
  },
  {
    "id": "3faa116a-59bc-4106-9e1d-9f499ec1b71b",
    "data": [
      {
        "text": "хочешь моих объятий",
        "userDefined": false
      }
    ],
    "isTemplate": false,
    "count": 0,
    "updated": 0
  },
  {
    "id": "7414e0e2-877c-4687-88af-ce7563bda7b9",
    "data": [
      {
        "text": "можно тебя обнять",
        "userDefined": false
      }
    ],
    "isTemplate": false,
    "count": 0,
    "updated": 0
  },
  {
    "id": "86244ec3-60d8-4a2e-af06-184305398817",
    "data": [
      {
        "text": "обнимаю",
        "userDefined": false
      }
    ],
    "isTemplate": false,
    "count": 0,
    "updated": 0
  },
  {
    "id": "8ed012e9-0422-409f-8c97-01db61eaa490",
    "data": [
      {
        "text": "обнял тебя",
        "userDefined": false
      }
    ],
    "isTemplate": false,
    "count": 0,
    "updated": 0
  },
  {
    "id": "ef04dbef-874a-43ec-9ad1-c212fb5aa9e0",
    "data": [
      {
        "text": "в объятиях",
        "userDefined": false
      }
    ],
    "isTemplate": false,
    "count": 0,
    "updated": 0
  },
  {
    "id": "82bc43f2-6f08-45ec-a933-54adf516bf43",
    "data": [
      {
        "text": "обнимешь меня",
        "userDefined": false
      }
    ],
    "isTemplate": false,
    "count": 0,
    "updated": 0
  },
  {
    "id": "c67c453f-a589-40c5-8620-d4f6e6a98457",
    "data": [
      {
        "text": "могу обнять тебя",
        "userDefined": false
      }
    ],
    "isTemplate": false,
    "count": 0,
    "updated": 0
  },
  {
    "id": "d7bbbd21-4969-4eb2-9b3a-e17df232938c",
    "data": [
      {
        "text": "можешь обнять меня",
        "userDefined": false
      }
    ],
    "isTemplate": false,
    "count": 0,
    "updated": 0
  },
  {
    "id": "d7551510-f678-483d-8bbb-f0167b91ab40",
    "data": [
      {
        "text": "обними",
        "userDefined": false
      }
    ],
    "isTemplate": false,
    "count": 0,
    "updated": 0
  },
  {
    "id": "1c59a291-9831-4ddd-bfd1-7d8da6ac8361",
    "data": [
      {
        "text": "обними меня",
        "userDefined": false
      }
    ],
    "isTemplate": false,
    "count": 0,
    "updated": 0
  },
  {
    "id": "6b7e43ef-5ca2-4a8c-9121-85de54a14597",
    "data": [
      {
        "text": "подари мне твоё объятие",
        "userDefined": false
      }
    ],
    "isTemplate": false,
    "count": 0,
    "updated": 0
  },
  {
    "id": "92ea395b-27c5-4985-ad3f-4ad8ab41a8be",
    "data": [
      {
        "text": "обнимаю тебя",
        "userDefined": false
      }
    ],
    "isTemplate": false,
    "count": 0,
    "updated": 0
  },
  {
    "id": "6a54a4f8-b16a-4131-9b71-998eb2fa6786",
    "data": [
      {
        "text": "обнимашки",
        "userDefined": false
      }
    ],
    "isTemplate": false,
    "count": 0,
    "updated": 0
  },
  {
    "id": "67d475d3-dfc8-4013-a1e4-5993c9194245",
    "data": [
      {
        "text": "не могу тебя не обнять",
        "userDefined": false
      }
    ],
    "isTemplate": false,
    "count": 0,
    "updated": 0
  }
]