[
  {
    "id": "032ea848-6ccd-4361-bd2e-f61ac1f4f18a",
    "data": [
      {
        "text": "шучу",
        "userDefined": false
      }
    ],
    "isTemplate": false,
    "count": 0,
    "updated": 0
  },
  {
    "id": "75e6d82f-8ee5-43c3-9830-809c89cddaf5",
    "data": [
      {
        "text": "я шучу",
        "userDefined": false
      }
    ],
    "isTemplate": false,
    "count": 0,
    "updated": 0
  },
  {
    "id": "35643c07-466d-4107-b8c2-5e520e7888f3",
    "data": [
      {
        "text": "я тебя разыграл",
        "userDefined": false
      }
    ],
    "isTemplate": false,
    "count": 0,
    "updated": 0
  },
  {
    "id": "381a1290-eb25-4c9b-a33f-7d1bfd7dbba5",
    "data": [
      {
        "text": "шутки шуточки",
        "userDefined": false
      }
    ],
    "isTemplate": false,
    "count": 0,
    "updated": 0
  },
  {
    "id": "7b7fd342-8f7b-4f57-a458-27e39ad3453c",
    "data": [
      {
        "text": "я пошутил",
        "userDefined": false
      }
    ],
    "isTemplate": false,
    "count": 0,
    "updated": 0
  },
  {
    "id": "2a0e3ed0-d097-4268-a80e-8eea8df9042a",
    "data": [
      {
        "text": "это шуточка",
        "userDefined": false
      }
    ],
    "isTemplate": false,
    "count": 0,
    "updated": 0
  },
  {
    "id": "f97cd510-baf6-4947-9da4-1836b14be32e",
    "data": [
      {
        "text": "одурачил тебя",
        "userDefined": false
      }
    ],
    "isTemplate": false,
    "count": 0,
    "updated": 0
  },
  {
    "id": "fe80c839-a41a-4790-bfd8-e74f1d7e05e9",
    "data": [
      {
        "text": "я просто игрался с тобой",
        "userDefined": false
      }
    ],
    "isTemplate": false,
    "count": 0,
    "updated": 0
  },
  {
    "id": "a7e13c9b-f9e8-4ba1-92a5-3457cfe65a6e",
    "data": [
      {
        "text": "это была шутка",
        "userDefined": false
      }
    ],
    "isTemplate": false,
    "count": 0,
    "updated": 0
  },
  {
    "id": "b11a9010-ef4d-4352-a1ae-364333b63062",
    "data": [
      {
        "text": "подшутила над тобой",
        "userDefined": false
      }
    ],
    "isTemplate": false,
    "count": 0,
    "updated": 0
  },
  {
    "id": "43f1e89e-b5ea-4a11-b71b-2475a0435ca6",
    "data": [
      {
        "text": "я просто пошутила",
        "userDefined": false
      }
    ],
    "isTemplate": false,
    "count": 0,
    "updated": 0
  }
]