[
  {
    "id": "f76b020f-0ef9-4a41-8ec1-89077cf4272d",
    "data": [
      {
        "text": "я вернулся",
        "userDefined": false
      }
    ],
    "isTemplate": false,
    "count": 0,
    "updated": 0
  },
  {
    "id": "fa6ea0e6-e444-48ac-8de4-add34cea43d3",
    "data": [
      {
        "text": "и снова я здесь",
        "userDefined": false
      }
    ],
    "isTemplate": false,
    "count": 0,
    "updated": 0
  },
  {
    "id": "d5eb63f1-f045-4775-91c8-53fc8f687c6a",
    "data": [
      {
        "text": "я снова здесь",
        "userDefined": false
      }
    ],
    "isTemplate": false,
    "count": 0,
    "updated": 0
  },
  {
    "id": "c84f8f8b-7126-4b32-8c08-ba22aec230e0",
    "data": [
      {
        "text": "я снова тут",
        "userDefined": false
      }
    ],
    "isTemplate": false,
    "count": 0,
    "updated": 0
  },
  {
    "id": "bda9f224-bfde-48fe-93ca-3e7363361adc",
    "data": [
      {
        "text": "я снова здесь с тобой",
        "userDefined": false
      }
    ],
    "isTemplate": false,
    "count": 0,
    "updated": 0
  },
  {
    "id": "5d10885b-0445-47b2-9f53-c83ab8f40573",
    "data": [
      {
        "text": "это снова я",
        "userDefined": false
      }
    ],
    "isTemplate": false,
    "count": 0,
    "updated": 0
  },
  {
    "id": "3711e6fe-bfa5-42e4-922b-f7efbfa98529",
    "data": [
      {
        "text": "а вот и я",
        "userDefined": false
      }
    ],
    "isTemplate": false,
    "count": 0,
    "updated": 0
  },
  {
    "id": "4c70f0fc-b4a0-483a-b9a8-505fe8977765",
    "data": [
      {
        "text": "я вернулась",
        "userDefined": false
      }
    ],
    "isTemplate": false,
    "count": 0,
    "updated": 0
  }
]