[
  {
    "id": "7371ba98-3f15-43db-a17e-2e0781e10c37",
    "data": [
      {
        "text": "огого",
        "userDefined": false
      }
    ],
    "isTemplate": false,
    "count": 0,
    "updated": 0
  },
  {
    "id": "4b1c0459-a49a-4fed-9644-d0944e5f550d",
    "data": [
      {
        "text": "вау",
        "userDefined": false
      }
    ],
    "isTemplate": false,
    "count": 0,
    "updated": 0
  },
  {
    "id": "bac11752-da49-41fb-9974-fbfee691f45c",
    "data": [
      {
        "text": "ого",
        "userDefined": false
      }
    ],
    "isTemplate": false,
    "count": 0,
    "updated": 0
  },
  {
    "id": "664b1380-2ecb-4aea-9223-c05dafca61a5",
    "data": [
      {
        "text": "ух ты ух ты",
        "userDefined": false
      }
    ],
    "isTemplate": false,
    "count": 0,
    "updated": 0
  },
  {
    "id": "74a63c61-2311-44d7-bdeb-8281a422da89",
    "data": [
      {
        "text": "ух ты вау",
        "userDefined": false
      }
    ],
    "isTemplate": false,
    "count": 0,
    "updated": 0
  },
  {
    "id": "fc107913-e972-4a22-a3ab-ea515b664985",
    "data": [
      {
        "text": "ух ты",
        "userDefined": false
      }
    ],
    "isTemplate": false,
    "count": 0,
    "updated": 0
  }
]