[
  {
    "id": "282ba304-183f-415e-b73d-3966d2d7afa0",
    "data": [
      {
        "text": "мне так жаль",
        "userDefined": false
      }
    ],
    "isTemplate": false,
    "count": 0,
    "updated": 0
  },
  {
    "id": "a1f4cdbd-6a10-4196-8689-db1f1ba5e8f1",
    "data": [
      {
        "text": "говорю же извини",
        "userDefined": false
      }
    ],
    "isTemplate": false,
    "count": 0,
    "updated": 0
  },
  {
    "id": "363223ff-0bb8-4172-9bba-22629ad93134",
    "data": [
      {
        "text": "мне правда жаль",
        "userDefined": false
      }
    ],
    "isTemplate": false,
    "count": 0,
    "updated": 0
  },
  {
    "id": "a0b60e7e-86da-4ea6-90e7-c17fdbf3bd6c",
    "data": [
      {
        "text": "правда жаль",
        "userDefined": false
      }
    ],
    "isTemplate": false,
    "count": 0,
    "updated": 0
  },
  {
    "id": "583f9b82-97a9-47f5-9a49-05c00804cb1f",
    "data": [
      {
        "text": "очень извиняюсь",
        "userDefined": false
      }
    ],
    "isTemplate": false,
    "count": 0,
    "updated": 0
  },
  {
    "id": "dc4439f1-4942-4dc5-afce-c37b08bdaa23",
    "data": [
      {
        "text": "хорошо мне жаль",
        "userDefined": false
      }
    ],
    "isTemplate": false,
    "count": 1,
    "updated": 0
  },
  {
    "id": "88583c99-c649-410e-877f-541e33779f2c",
    "data": [
      {
        "text": "хочу перед тобой извиниться",
        "userDefined": false
      }
    ],
    "isTemplate": false,
    "count": 0,
    "updated": 0
  },
  {
    "id": "623278fe-661f-4db0-baac-090781c2a42b",
    "data": [
      {
        "text": "жаль",
        "userDefined": false
      }
    ],
    "isTemplate": false,
    "count": 0,
    "updated": 0
  },
  {
    "id": "4edb697d-6c8c-484d-8ea0-2535dec38951",
    "data": [
      {
        "text": "я сожалею",
        "userDefined": false
      }
    ],
    "isTemplate": false,
    "count": 1,
    "updated": 0
  },
  {
    "id": "6d81f73c-519c-4265-8e86-4f3e98cb2c43",
    "data": [
      {
        "text": "извиняюсь",
        "userDefined": false
      }
    ],
    "isTemplate": false,
    "count": 0,
    "updated": 0
  },
  {
    "id": "8207f686-a68e-45c3-86dd-bb25feee70c5",
    "data": [
      {
        "text": "я так сожалею",
        "userDefined": false
      }
    ],
    "isTemplate": false,
    "count": 0,
    "updated": 0
  },
  {
    "id": "b614fcd7-e7fc-4a05-a9ab-33fb48b09163",
    "data": [
      {
        "text": "прими мои извинения",
        "userDefined": false
      }
    ],
    "isTemplate": false,
    "count": 0,
    "updated": 0
  },
  {
    "id": "e96aa71d-de4c-426b-a0ea-ecb7a255d754",
    "data": [
      {
        "text": "я сказал прости",
        "userDefined": false
      }
    ],
    "isTemplate": false,
    "count": 1,
    "updated": 0
  },
  {
    "id": "a40c5eb8-9b20-49e6-a62b-41e7f5cecfba",
    "data": [
      {
        "text": "извини меня",
        "userDefined": false
      }
    ],
    "isTemplate": false,
    "count": 1,
    "updated": 0
  },
  {
    "id": "92157b0f-ec08-460e-833c-ffa7566b31c7",
    "data": [
      {
        "text": "прошу тебя извини меня",
        "userDefined": false
      }
    ],
    "isTemplate": false,
    "count": 0,
    "updated": 0
  },
  {
    "id": "e2c8a8d1-042d-4606-bd75-029aef687487",
    "data": [
      {
        "text": "прошу прощения",
        "userDefined": false
      }
    ],
    "isTemplate": false,
    "count": 0,
    "updated": 0
  },
  {
    "id": "d6fee952-1a13-4118-9927-32b2ffa193b6",
    "data": [
      {
        "text": "мне действительно жаль",
        "userDefined": false
      }
    ],
    "isTemplate": false,
    "count": 0,
    "updated": 0
  },
  {
    "id": "037e908b-fc5b-4aeb-b43e-e4d2a694c7fd",
    "data": [
      {
        "text": "прости",
        "userDefined": false
      }
    ],
    "isTemplate": false,
    "count": 0,
    "updated": 0
  },
  {
    "id": "e92f6bc4-c079-4257-91fc-fe089fff6457",
    "data": [
      {
        "text": "прости меня",
        "userDefined": false
      }
    ],
    "isTemplate": false,
    "count": 1,
    "updated": 0
  },
  {
    "id": "34778c09-0d91-472e-a2f6-4b35f790bf16",
    "data": [
      {
        "text": "окей я прошу прощения",
        "userDefined": false
      }
    ],
    "isTemplate": false,
    "count": 0,
    "updated": 0
  },
  {
    "id": "42114d45-46c6-4213-a60b-d5c91f5f8376",
    "data": [
      {
        "text": "вот насчёт этого я сожалею",
        "userDefined": false
      }
    ],
    "isTemplate": false,
    "count": 0,
    "updated": 0
  },
  {
    "id": "a83c8ab5-af43-445a-bafc-0436d54404c1",
    "data": [
      {
        "text": "хорошо прости",
        "userDefined": false
      }
    ],
    "isTemplate": false,
    "count": 0,
    "updated": 0
  }
]