[
  {
    "id": "a5b695f3-4bde-4aff-8be7-3d7f60098981",
    "data": [
      {
        "text": "отбой",
        "userDefined": false
      }
    ],
    "isTemplate": false,
    "count": 0,
    "updated": 0
  },
  {
    "id": "d45fa24f-202a-4310-92e4-b99f3b019ba9",
    "data": [
      {
        "text": "нам пора ложиться спать",
        "userDefined": false
      }
    ],
    "isTemplate": false,
    "count": 0,
    "updated": 0
  },
  {
    "id": "cd9a6ad7-70ea-4371-a035-e87b5d86d3da",
    "data": [
      {
        "text": "я устал и хочу спать",
        "userDefined": false
      }
    ],
    "isTemplate": false,
    "count": 0,
    "updated": 0
  },
  {
    "id": "b6ab49fe-0287-4d87-a50c-4a5220f76350",
    "data": [
      {
        "text": "я спать доброй ночи",
        "userDefined": false
      }
    ],
    "isTemplate": false,
    "count": 0,
    "updated": 0
  },
  {
    "id": "056b4355-95d4-4069-87d9-a0c8fab90a51",
    "data": [
      {
        "text": "время ложиться спать",
        "userDefined": false
      }
    ],
    "isTemplate": false,
    "count": 0,
    "updated": 0
  },
  {
    "id": "8b153022-368a-4c9b-8a47-8ff48040f6fd",
    "data": [
      {
        "text": "я уже засыпаю",
        "userDefined": false
      }
    ],
    "isTemplate": false,
    "count": 0,
    "updated": 0
  },
  {
    "id": "09a8b76d-faaf-478b-bd8f-0eac8e639d11",
    "data": [
      {
        "text": "уже пора спать да",
        "userDefined": false
      }
    ],
    "isTemplate": false,
    "count": 0,
    "updated": 0
  },
  {
    "id": "ef755718-63e1-4c6f-b099-0b9e71cb2e42",
    "data": [
      {
        "text": "пора спать",
        "userDefined": false
      }
    ],
    "isTemplate": false,
    "count": 0,
    "updated": 0
  },
  {
    "id": "115d750c-b73f-46e5-a924-38ab6960a4d1",
    "data": [
      {
        "text": "время сна",
        "userDefined": false
      }
    ],
    "isTemplate": false,
    "count": 0,
    "updated": 0
  }
]