[
  {
    "id": "9465642e-b02e-4c9c-9414-bdecfc4abca9",
    "data": [
      {
        "text": "мне нужно с тобой поговорить",
        "userDefined": false
      }
    ],
    "isTemplate": false,
    "count": 0,
    "updated": 0
  },
  {
    "id": "65d3d836-13cb-4dac-80b0-1ab73592228c",
    "data": [
      {
        "text": "может поболтаем",
        "userDefined": false
      }
    ],
    "isTemplate": false,
    "count": 0,
    "updated": 0
  },
  {
    "id": "20f35d7c-34ca-4f34-9420-2b804fc58173",
    "data": [
      {
        "text": "хочешь поболтать",
        "userDefined": false
      }
    ],
    "isTemplate": false,
    "count": 0,
    "updated": 0
  },
  {
    "id": "c41e7b02-f915-41c3-bf2e-62897c62f685",
    "data": [
      {
        "text": "хочу поговорить с тобой",
        "userDefined": false
      }
    ],
    "isTemplate": false,
    "count": 0,
    "updated": 0
  },
  {
    "id": "af208c53-6c76-49ba-97d2-29ba8ddf1891",
    "data": [
      {
        "text": "могу я поговорить с тобой",
        "userDefined": false
      }
    ],
    "isTemplate": false,
    "count": 0,
    "updated": 0
  },
  {
    "id": "8407b377-c705-46d5-848b-b28a6963667d",
    "data": [
      {
        "text": "можем поговорить",
        "userDefined": false
      }
    ],
    "isTemplate": false,
    "count": 0,
    "updated": 0
  },
  {
    "id": "d03a2145-dca4-4961-a63d-749816f619c9",
    "data": [
      {
        "text": "давай поговорим",
        "userDefined": false
      }
    ],
    "isTemplate": false,
    "count": 0,
    "updated": 0
  },
  {
    "id": "124f502d-a9b9-4f48-b5a0-4143c2b48e14",
    "data": [
      {
        "text": "я хочу поговорить с тобой",
        "userDefined": false
      }
    ],
    "isTemplate": false,
    "count": 0,
    "updated": 0
  }
]