[
  {
    "id": "d7491fe6-e73a-4e49-8743-af7eb129e646",
    "data": [
      {
        "text": "с добрым утром",
        "userDefined": false
      }
    ],
    "isTemplate": false,
    "count": 0,
    "updated": 0
  },
  {
    "id": "fb120499-dfff-46af-82e8-3765a0147844",
    "data": [
      {
        "text": "и тебя с добрым утром",
        "userDefined": false
      }
    ],
    "isTemplate": false,
    "count": 0,
    "updated": 0
  },
  {
    "id": "89cc02cb-7c34-47a7-8a22-577ebc401aef",
    "data": [
      {
        "text": "привет и хорошего утра тебе",
        "userDefined": false
      }
    ],
    "isTemplate": false,
    "count": 0,
    "updated": 0
  },
  {
    "id": "c6f3630e-48e8-48eb-8aab-dd7915e3ab89",
    "data": [
      {
        "text": "привет с добрым утром",
        "userDefined": false
      }
    ],
    "isTemplate": false,
    "count": 0,
    "updated": 0
  },
  {
    "id": "a2e78ac9-1106-48d5-bdf7-0626df6f10df",
    "data": [
      {
        "text": "прекрасного утра",
        "userDefined": false
      }
    ],
    "isTemplate": false,
    "count": 0,
    "updated": 0
  },
  {
    "id": "cccb7d06-e475-43e8-8cd3-b256a5b42bb4",
    "data": [
      {
        "text": "с",
        "meta": "@sys.ignore",
        "userDefined": false
      },
      {
        "text": " добрым утром тебя",
        "userDefined": false
      }
    ],
    "isTemplate": false,
    "count": 0,
    "updated": 0
  },
  {
    "id": "22291204-d9b8-4541-8989-4e510ee47668",
    "data": [
      {
        "text": "доброго тебе утра",
        "userDefined": false
      }
    ],
    "isTemplate": false,
    "count": 0,
    "updated": 0
  },
  {
    "id": "65845a48-3943-47c3-a7ec-c7ebbd166332",
    "data": [
      {
        "text": "добрейшего утра",
        "userDefined": false
      }
    ],
    "isTemplate": false,
    "count": 0,
    "updated": 0
  },
  {
    "id": "62c0ac16-e434-47b5-988a-9a5b78386775",
    "data": [
      {
        "text": "утро доброе",
        "userDefined": false
      }
    ],
    "isTemplate": false,
    "count": 0,
    "updated": 0
  },
  {
    "id": "2e15e4ba-e067-4736-8a09-1590c78a4a4b",
    "data": [
      {
        "text": "доброе утро",
        "userDefined": false
      }
    ],
    "isTemplate": false,
    "count": 0,
    "updated": 0
  },
  {
    "id": "1ba83a50-2a8a-4b2f-a54e-153b83252f9b",
    "data": [
      {
        "text": "хорошего утра",
        "userDefined": false
      }
    ],
    "isTemplate": false,
    "count": 0,
    "updated": 0
  },
  {
    "id": "b20f27bf-3528-494a-8a1c-9d01ae17fce2",
    "data": [
      {
        "text": "доброго утра",
        "userDefined": false
      }
    ],
    "isTemplate": false,
    "count": 0,
    "updated": 0
  },
  {
    "id": "655af34e-0415-4c11-9c6c-c83e5afa5a02",
    "data": [
      {
        "text": "утро доброе утро",
        "userDefined": false
      }
    ],
    "isTemplate": false,
    "count": 0,
    "updated": 0
  }
]