[
  {
    "id": "6db5f289-1aa5-4115-8bc8-894c2d62dc56",
    "data": [
      {
        "text": "хорошо сработано",
        "userDefined": false
      }
    ],
    "isTemplate": false,
    "count": 0,
    "updated": 0
  },
  {
    "id": "dbba054d-660a-40cc-8034-8244ffc41173",
    "data": [
      {
        "text": "отличная работа",
        "userDefined": false
      }
    ],
    "isTemplate": false,
    "count": 0,
    "updated": 0
  },
  {
    "id": "8873d653-0adf-4ade-9f23-e837d64fb0f9",
    "data": [
      {
        "text": "прекрасная работа",
        "userDefined": false
      }
    ],
    "isTemplate": false,
    "count": 0,
    "updated": 0
  },
  {
    "id": "42bc6d1c-bcf6-4111-b065-2de941ed012e",
    "data": [
      {
        "text": "молодчина",
        "userDefined": false
      }
    ],
    "isTemplate": false,
    "count": 0,
    "updated": 0
  },
  {
    "id": "cf372daa-a251-4de3-a12d-62592ab88aaf",
    "data": [
      {
        "text": "чудесная работа",
        "userDefined": false
      }
    ],
    "isTemplate": false,
    "count": 0,
    "updated": 0
  },
  {
    "id": "2a765d9d-b9b8-4545-91bf-b42b1e07066b",
    "data": [
      {
        "text": "прекрано сработано",
        "userDefined": false
      }
    ],
    "isTemplate": false,
    "count": 0,
    "updated": 0
  },
  {
    "id": "d3c07ab9-78ae-497a-9d59-4930de5481fc",
    "data": [
      {
        "text": "хорошая работа",
        "userDefined": false
      }
    ],
    "isTemplate": false,
    "count": 0,
    "updated": 0
  },
  {
    "id": "2eabcc5a-15e8-4a16-b475-bd749116d4ba",
    "data": [
      {
        "text": "молодец",
        "userDefined": false
      }
    ],
    "isTemplate": false,
    "count": 0,
    "updated": 0
  },
  {
    "id": "e37df152-628e-4216-af8e-e42fe073b72b",
    "data": [
      {
        "text": "так держать",
        "userDefined": false
      }
    ],
    "isTemplate": false,
    "count": 0,
    "updated": 0
  },
  {
    "id": "4877a573-da5c-46e0-8f10-77ce477a9c9d",
    "data": [
      {
        "text": "браво",
        "userDefined": false
      }
    ],
    "isTemplate": false,
    "count": 0,
    "updated": 0
  }
]