[
  {
    "id": "ca89a204-d3c0-443a-ab22-deda3205aa46",
    "data": [
      {
        "text": "теперь прощемся",
        "userDefined": false
      }
    ],
    "isTemplate": false,
    "count": 0,
    "updated": 1531263633
  },
  {
    "id": "14ccf8aa-cf07-423f-aea5-5afdc61fab12",
    "data": [
      {
        "text": "до скорого",
        "userDefined": false
      }
    ],
    "isTemplate": false,
    "count": 0,
    "updated": 1531263633
  },
  {
    "id": "31b55f84-5145-427a-ad71-d5cc553903c1",
    "data": [
      {
        "text": "пока",
        "userDefined": false
      }
    ],
    "isTemplate": false,
    "count": 0,
    "updated": 1531263633
  },
  {
    "id": "8f6a1d29-9ce3-473e-8147-0eead8ee2b2a",
    "data": [
      {
        "text": "до завтра",
        "userDefined": false
      }
    ],
    "isTemplate": false,
    "count": 0,
    "updated": 1531263633
  },
  {
    "id": "23b24fd1-aec4-4bb8-9615-2893bd64590d",
    "data": [
      {
        "text": "увидимся",
        "userDefined": false
      }
    ],
    "isTemplate": false,
    "count": 2,
    "updated": 1531263633
  },
  {
    "id": "d5662df7-ab0e-4e36-b5e2-e1d99c3b1000",
    "data": [
      {
        "text": "вынужден тебя покинуть",
        "userDefined": false
      }
    ],
    "isTemplate": false,
    "count": 0,
    "updated": 1531263633
  },
  {
    "id": "13dfc671-4001-4242-a145-5afd82a2fcd7",
    "data": [
      {
        "text": "до скорой встречи",
        "userDefined": false
      }
    ],
    "isTemplate": false,
    "count": 0,
    "updated": 1531263633
  },
  {
    "id": "d153d13c-b11a-43e1-adda-193f37b3b79a",
    "data": [
      {
        "text": "счастливо",
        "userDefined": false
      }
    ],
    "isTemplate": false,
    "count": 0,
    "updated": 1531263633
  },
  {
    "id": "be76dbe1-c818-4cd2-bd46-7cc4b39fe9dd",
    "data": [
      {
        "text": "на этом всё пока",
        "userDefined": false
      }
    ],
    "isTemplate": false,
    "count": 0,
    "updated": 1531263633
  },
  {
    "id": "39c40dcd-4148-44f6-8780-b156153b2792",
    "data": [
      {
        "text": "пора прощаться",
        "userDefined": false
      }
    ],
    "isTemplate": false,
    "count": 0,
    "updated": 1531263633
  },
  {
    "id": "ea71019d-8866-48f7-8a53-3eff131c524d",
    "data": [
      {
        "text": "мне пора идти",
        "userDefined": false
      }
    ],
    "isTemplate": false,
    "count": 0,
    "updated": 1531263633
  },
  {
    "id": "314344d4-8eb8-449d-87fd-ca420b905df2",
    "data": [
      {
        "text": "до свидания",
        "userDefined": false
      }
    ],
    "isTemplate": false,
    "count": 0,
    "updated": 1531263633
  },
  {
    "id": "029ca130-e9b4-41b4-ba3e-af6528b71f93",
    "data": [
      {
        "text": "пока пока спокойной ночи",
        "userDefined": false
      }
    ],
    "isTemplate": false,
    "count": 0,
    "updated": 1531263633
  },
  {
    "id": "0513c3cc-5334-449e-9958-84e7a3c92b73",
    "data": [
      {
        "text": "пока пока",
        "userDefined": false
      }
    ],
    "isTemplate": false,
    "count": 0,
    "updated": 1531263633
  },
  {
    "id": "9e42fc55-acfc-49e2-9973-661468c0bc7b",
    "data": [
      {
        "text": "вот и всё прощай",
        "userDefined": false
      }
    ],
    "isTemplate": false,
    "count": 0,
    "updated": 1531263633
  },
  {
    "id": "6abad12e-1ae1-4768-bd30-ec60e752babd",
    "data": [
      {
        "text": "должен оставить тебя",
        "userDefined": false
      }
    ],
    "isTemplate": false,
    "count": 0,
    "updated": 1531263633
  },
  {
    "id": "1b531bab-6df6-49fe-94fe-b7569cfee0a7",
    "data": [
      {
        "text": "прощай",
        "userDefined": false
      }
    ],
    "isTemplate": false,
    "count": 0,
    "updated": 1531263633
  },
  {
    "id": "e11e2da3-800b-44da-aec4-27b4a7ff1ae3",
    "data": [
      {
        "text": "оставь меня",
        "userDefined": false
      }
    ],
    "isTemplate": false,
    "count": 0,
    "updated": 1531263633
  },
  {
    "id": "8a733722-4d5c-4451-b74a-92b64ee29464",
    "data": [
      {
        "text": "чао",
        "userDefined": false
      }
    ],
    "isTemplate": false,
    "count": 0,
    "updated": 1531263633
  },
  {
    "id": "973cd593-2c34-44f0-837f-4d042ecb9567",
    "data": [
      {
        "text": "надеюсь скоро увидимся",
        "userDefined": false
      }
    ],
    "isTemplate": false,
    "count": 0,
    "updated": 1531263633
  },
  {
    "id": "fc39ff8f-1d29-4275-a4ca-d29a7a04f4af",
    "data": [
      {
        "text": "ты свободна",
        "userDefined": false
      }
    ],
    "isTemplate": false,
    "count": 0,
    "updated": 1531263633
  },
  {
    "id": "9f64e15f-4574-4028-b631-7af7d5a50b15",
    "data": [
      {
        "text": "оставь меня в покое",
        "userDefined": false
      }
    ],
    "isTemplate": false,
    "count": 0,
    "updated": 1531263633
  },
  {
    "id": "9b252acf-89be-4ca7-ae4f-2b5a7599838d",
    "data": [
      {
        "text": "увидимся на неделе",
        "userDefined": false
      }
    ],
    "isTemplate": false,
    "count": 0,
    "updated": 1531263633
  },
  {
    "id": "272dbb0b-fe98-4e71-a997-d05f16a289d0",
    "data": [
      {
        "text": "счастливо оставаться",
        "userDefined": false
      }
    ],
    "isTemplate": false,
    "count": 0,
    "updated": 1531263633
  },
  {
    "id": "e2acaaab-a9fe-4a8c-a7d0-c8a3cccbfe46",
    "data": [
      {
        "text": "иди спать",
        "userDefined": false
      }
    ],
    "isTemplate": false,
    "count": 0,
    "updated": 1531263633
  },
  {
    "id": "361552d7-7158-45ee-a64b-345e0143a799",
    "data": [
      {
        "text": "пока увидимся позже",
        "userDefined": false
      }
    ],
    "isTemplate": false,
    "count": 0,
    "updated": 1531263633
  },
  {
    "id": "bca2250d-89ef-4e98-b8ae-93cbb99d2a89",
    "data": [
      {
        "text": "спасибо и пока",
        "userDefined": false
      }
    ],
    "isTemplate": false,
    "count": 0,
    "updated": 1531263633
  },
  {
    "id": "177b05fa-8c80-44af-abdd-d001daee0c3e",
    "data": [
      {
        "text": "увидимся завтра",
        "userDefined": false
      }
    ],
    "isTemplate": false,
    "count": 0,
    "updated": 1531263633
  },
  {
    "id": "50be3251-0822-478b-ba63-65fa528ca6e8",
    "data": [
      {
        "text": "теперь ты свободен",
        "userDefined": false
      }
    ],
    "isTemplate": false,
    "count": 0,
    "updated": 1531263633
  },
  {
    "id": "0295e3d3-0d1f-485a-a22b-cd911aeb13ef",
    "data": [
      {
        "text": "уйди",
        "userDefined": false
      }
    ],
    "isTemplate": false,
    "count": 1,
    "updated": 1531263633
  },
  {
    "id": "3d7a378a-6152-4ab9-a873-b8fdb23a1bb2",
    "data": [
      {
        "text": "поговорим позже",
        "userDefined": false
      }
    ],
    "isTemplate": false,
    "count": 1,
    "updated": 1531263633
  },
  {
    "id": "15eacb37-11cd-429f-8895-1500ceb11729",
    "data": [
      {
        "text": "окей до скорого",
        "userDefined": false
      }
    ],
    "isTemplate": false,
    "count": 0,
    "updated": 1531263633
  }
]