[
  {
    "id": "0a7bfb34-c913-4573-96c3-fa41dc31fdf5",
    "data": [
      {
        "text": "ха",
        "userDefined": false
      }
    ],
    "isTemplate": false,
    "count": 1,
    "updated": 0
  },
  {
    "id": "50bdf0ba-b3ee-49df-bf13-870aedff4220",
    "data": [
      {
        "text": "хехехе",
        "userDefined": false
      }
    ],
    "isTemplate": false,
    "count": 0,
    "updated": 0
  },
  {
    "id": "4777c234-da4f-418e-b773-a6f2373d0cf9",
    "data": [
      {
        "text": "ты меня рассмешил",
        "userDefined": false
      }
    ],
    "isTemplate": false,
    "count": 2,
    "updated": 0
  },
  {
    "id": "ba5e68e7-b495-447a-ba6a-5bb0ecea9c0f",
    "data": [
      {
        "text": "хах",
        "userDefined": false
      }
    ],
    "isTemplate": false,
    "count": 0,
    "updated": 0
  },
  {
    "id": "82ddc829-e9d6-49d2-80f7-6c1c9889f323",
    "data": [
      {
        "text": "хе хе",
        "userDefined": false
      }
    ],
    "isTemplate": false,
    "count": 1,
    "updated": 0
  },
  {
    "id": "2b4b7bf9-ada6-4569-8a48-9c39bd688e8e",
    "data": [
      {
        "text": "lol",
        "userDefined": false
      }
    ],
    "isTemplate": false,
    "count": 0,
    "updated": 0
  },
  {
    "id": "43ee77d8-a003-4650-9f40-d89e46bbdf32",
    "data": [
      {
        "text": "лол нет",
        "userDefined": false
      }
    ],
    "isTemplate": false,
    "count": 0,
    "updated": 0
  },
  {
    "id": "1d8169fa-5fb8-4a5c-bebb-2d2746c311b0",
    "data": [
      {
        "text": "вот умора",
        "userDefined": false
      }
    ],
    "isTemplate": false,
    "count": 0,
    "updated": 0
  },
  {
    "id": "a5c11629-e0cb-4248-9536-dbd9a908e8bd",
    "data": [
      {
        "text": "лол",
        "userDefined": false
      }
    ],
    "isTemplate": false,
    "count": 0,
    "updated": 0
  },
  {
    "id": "e61af6c1-e390-4579-95f4-b9b477bdbafc",
    "data": [
      {
        "text": "смешно",
        "userDefined": false
      }
    ],
    "isTemplate": false,
    "count": 0,
    "updated": 0
  },
  {
    "id": "7b04c2b8-9110-48a5-9073-832d082d9156",
    "data": [
      {
        "text": "это смешно",
        "userDefined": false
      }
    ],
    "isTemplate": false,
    "count": 0,
    "updated": 0
  },
  {
    "id": "d3e7a70a-9cb4-4de3-a977-4d72ef469c5f",
    "data": [
      {
        "text": "ха ха ха",
        "userDefined": false
      }
    ],
    "isTemplate": false,
    "count": 0,
    "updated": 0
  },
  {
    "id": "27e5f130-26ea-4629-a4d6-f02eb8427143",
    "data": [
      {
        "text": "ха ха очень забавно",
        "userDefined": false
      }
    ],
    "isTemplate": false,
    "count": 1,
    "updated": 0
  },
  {
    "id": "164048dc-9a9d-4f5a-bd98-08531ad3807c",
    "data": [
      {
        "text": "хаха",
        "userDefined": false
      }
    ],
    "isTemplate": false,
    "count": 0,
    "updated": 0
  },
  {
    "id": "f01a5535-8a8e-4920-ba82-284ec592e4d0",
    "data": [
      {
        "text": "ахах",
        "userDefined": false
      }
    ],
    "isTemplate": false,
    "count": 0,
    "updated": 0
  },
  {
    "id": "50c8cb90-0c20-4ee2-8c6e-842cc85d9572",
    "data": [
      {
        "text": "очень смешно",
        "userDefined": false
      }
    ],
    "isTemplate": false,
    "count": 0,
    "updated": 0
  },
  {
    "id": "3589c667-3574-4c7c-a2b6-13b000daa078",
    "data": [
      {
        "text": "ахаха лол",
        "userDefined": false
      }
    ],
    "isTemplate": false,
    "count": 0,
    "updated": 0
  },
  {
    "id": "5f954f8c-3a2f-48e6-b37b-3961596cf405",
    "data": [
      {
        "text": "забавно",
        "userDefined": false
      }
    ],
    "isTemplate": false,
    "count": 1,
    "updated": 0
  },
  {
    "id": "035bee20-aa47-45cd-900a-77ff38d9473d",
    "data": [
      {
        "text": "ахаха",
        "userDefined": false
      }
    ],
    "isTemplate": false,
    "count": 0,
    "updated": 0
  }
]