[
  {
    "id": "af72d147-2482-4517-a2d3-bd2e129fee2c",
    "data": [
      {
        "text": "действительно хорошо",
        "userDefined": false
      }
    ],
    "isTemplate": false,
    "count": 2,
    "updated": 0
  },
  {
    "id": "213a9dcc-82e0-419c-9003-55d23200c770",
    "data": [
      {
        "text": "чудесно",
        "userDefined": false
      }
    ],
    "isTemplate": false,
    "count": 0,
    "updated": 0
  },
  {
    "id": "15b85eb5-0592-458a-a9b9-c3a3893b6996",
    "data": [
      {
        "text": "совершенно",
        "userDefined": false
      }
    ],
    "isTemplate": false,
    "count": 0,
    "updated": 0
  },
  {
    "id": "52f9cb65-0709-44f1-a31e-3289f078f6e7",
    "data": [
      {
        "text": "великолепно",
        "userDefined": false
      }
    ],
    "isTemplate": false,
    "count": 0,
    "updated": 0
  },
  {
    "id": "14c06187-b0f5-436d-bbd6-f9020df1fd05",
    "data": [
      {
        "text": "роскошно",
        "userDefined": false
      }
    ],
    "isTemplate": false,
    "count": 0,
    "updated": 0
  },
  {
    "id": "938adee1-dcb7-44e8-a144-b46ed3c482f8",
    "data": [
      {
        "text": "супер невероятно",
        "userDefined": false
      }
    ],
    "isTemplate": false,
    "count": 0,
    "updated": 0
  },
  {
    "id": "35a502cc-6cb7-4ba1-8aa3-2c8cd6c87023",
    "data": [
      {
        "text": "это великолепно",
        "userDefined": false
      }
    ],
    "isTemplate": false,
    "count": 0,
    "updated": 0
  },
  {
    "id": "e7bb5410-8af5-4c43-8e7b-5280b68bf7f5",
    "data": [
      {
        "text": "это здорово",
        "userDefined": false
      }
    ],
    "isTemplate": false,
    "count": 0,
    "updated": 0
  },
  {
    "id": "b3668357-63d5-4cc8-b634-77c5eb89b407",
    "data": [
      {
        "text": "это невероятно",
        "userDefined": false
      }
    ],
    "isTemplate": false,
    "count": 2,
    "updated": 0
  },
  {
    "id": "e06574d3-b451-477e-a63f-af3d039b4ff2",
    "data": [
      {
        "text": "это было просто потрясающе",
        "userDefined": false
      }
    ],
    "isTemplate": false,
    "count": 0,
    "updated": 0
  },
  {
    "id": "72bfd4fd-ebb5-4bcc-9ae8-73c30b131905",
    "data": [
      {
        "text": "мило с твоей стороны",
        "userDefined": false
      }
    ],
    "isTemplate": false,
    "count": 0,
    "updated": 0
  },
  {
    "id": "9688c45c-f668-4dfd-8586-8957f1d1d6b3",
    "data": [
      {
        "text": "хорошее замечание",
        "userDefined": false
      }
    ],
    "isTemplate": false,
    "count": 0,
    "updated": 0
  },
  {
    "id": "25709dab-b1a8-4505-8289-ff4daf1b40ae",
    "data": [
      {
        "text": "это просто потрясающе",
        "userDefined": false
      }
    ],
    "isTemplate": false,
    "count": 0,
    "updated": 0
  },
  {
    "id": "0ff29ceb-e817-4d1e-84f4-a1bb14dce2de",
    "data": [
      {
        "text": "рад был это узнать",
        "userDefined": false
      }
    ],
    "isTemplate": false,
    "count": 0,
    "updated": 0
  },
  {
    "id": "c52388ef-6d14-4cb0-9c83-f4b4ea31b108",
    "data": [
      {
        "text": "нет всё в порядке",
        "userDefined": false
      }
    ],
    "isTemplate": false,
    "count": 0,
    "updated": 0
  },
  {
    "id": "a43a529a-14f5-4a09-99e7-632741f46376",
    "data": [
      {
        "text": "вот так гораздо лучше",
        "userDefined": false
      }
    ],
    "isTemplate": false,
    "count": 0,
    "updated": 0
  },
  {
    "id": "083c5979-9210-43f5-8c3e-c062eb84c878",
    "data": [
      {
        "text": "просто блестяще",
        "userDefined": false
      }
    ],
    "isTemplate": false,
    "count": 1,
    "updated": 0
  },
  {
    "id": "5a79e013-45a2-4727-9cd6-5dec2776214b",
    "data": [
      {
        "text": "просто прекрасно",
        "userDefined": false
      }
    ],
    "isTemplate": false,
    "count": 0,
    "updated": 0
  },
  {
    "id": "47eecf57-03f4-47b9-a290-3470a645672c",
    "data": [
      {
        "text": "потрясно",
        "userDefined": false
      }
    ],
    "isTemplate": false,
    "count": 0,
    "updated": 0
  },
  {
    "id": "5854d166-6ce0-412d-8e3f-11612e817334",
    "data": [
      {
        "text": "ну и здорово",
        "userDefined": false
      }
    ],
    "isTemplate": false,
    "count": 0,
    "updated": 0
  },
  {
    "id": "a178d5f3-46de-4d4e-9db0-2b76a627edcb",
    "data": [
      {
        "text": "рада это слышать",
        "userDefined": false
      }
    ],
    "isTemplate": false,
    "count": 0,
    "updated": 0
  },
  {
    "id": "ae29e42f-f5c3-4b83-9276-7f152f828515",
    "data": [
      {
        "text": "отлично",
        "userDefined": false
      }
    ],
    "isTemplate": false,
    "count": 0,
    "updated": 0
  },
  {
    "id": "0ca37bab-f11a-48ac-80db-1246273ececc",
    "data": [
      {
        "text": "очень хороший",
        "userDefined": false
      }
    ],
    "isTemplate": false,
    "count": 0,
    "updated": 0
  },
  {
    "id": "65cc1e15-e9b8-41d1-adf6-82d22811dd1b",
    "data": [
      {
        "text": "рад слышать это",
        "userDefined": false
      }
    ],
    "isTemplate": false,
    "count": 1,
    "updated": 0
  },
  {
    "id": "af7d274d-0b75-460c-b57c-3ab713b50d18",
    "data": [
      {
        "text": "хорошая идея",
        "userDefined": false
      }
    ],
    "isTemplate": false,
    "count": 0,
    "updated": 0
  },
  {
    "id": "20420e61-54b9-4757-9993-9b28ed28d2c2",
    "data": [
      {
        "text": "потрясающе спасибо",
        "userDefined": false
      }
    ],
    "isTemplate": false,
    "count": 0,
    "updated": 0
  },
  {
    "id": "4d0b8d44-3253-44f3-bc58-bbb8b931c103",
    "data": [
      {
        "text": "вот и чудно",
        "userDefined": false
      }
    ],
    "isTemplate": false,
    "count": 0,
    "updated": 0
  },
  {
    "id": "c6985c51-1957-46b2-98ae-04f93ca48e42",
    "data": [
      {
        "text": "блестяще",
        "meta": "@sys.ignore",
        "userDefined": true
      }
    ],
    "isTemplate": false,
    "count": 1,
    "updated": 0
  },
  {
    "id": "f51e41b5-77b2-4835-9a05-758ff7390ca2",
    "data": [
      {
        "text": "потрясающе",
        "userDefined": false
      }
    ],
    "isTemplate": false,
    "count": 1,
    "updated": 0
  },
  {
    "id": "63c95e02-eba0-4857-91b2-a1f50b987f70",
    "data": [
      {
        "text": "очень хорошо",
        "userDefined": false
      }
    ],
    "isTemplate": false,
    "count": 0,
    "updated": 0
  },
  {
    "id": "1dd0ae3d-c9c8-4295-b2f4-963c18f0c0dd",
    "data": [
      {
        "text": "здорово",
        "userDefined": false
      }
    ],
    "isTemplate": false,
    "count": 0,
    "updated": 0
  },
  {
    "id": "de1ab69d-ddb4-4307-bc14-054de2c68067",
    "data": [
      {
        "text": "это мило",
        "userDefined": false
      }
    ],
    "isTemplate": false,
    "count": 1,
    "updated": 0
  },
  {
    "id": "0d4fd69d-cc42-462b-b667-f92282921da7",
    "data": [
      {
        "text": "довольно хорошо",
        "userDefined": false
      }
    ],
    "isTemplate": false,
    "count": 1,
    "updated": 0
  },
  {
    "id": "3c2fba21-ddee-4ca4-862d-3607bef02ab5",
    "data": [
      {
        "text": "это уже лучше",
        "userDefined": false
      }
    ],
    "isTemplate": false,
    "count": 0,
    "updated": 0
  },
  {
    "id": "4fdb5f5e-ba99-4cb6-ac1e-9b7155de7d60",
    "data": [
      {
        "text": "классно сработано",
        "userDefined": false
      }
    ],
    "isTemplate": false,
    "count": 0,
    "updated": 0
  },
  {
    "id": "37d99351-c214-4c9d-b16b-e09a6b515f5c",
    "data": [
      {
        "text": "всё нормально",
        "userDefined": false
      }
    ],
    "isTemplate": false,
    "count": 0,
    "updated": 0
  },
  {
    "id": "d32d6892-9f58-4ddb-a5e4-76c8cb1e19d4",
    "data": [
      {
        "text": "хорошо очень хорошо",
        "userDefined": false
      }
    ],
    "isTemplate": false,
    "count": 0,
    "updated": 0
  },
  {
    "id": "2eaa5092-f07d-40a7-a3d0-3e81d64aa054",
    "data": [
      {
        "text": "приятно",
        "userDefined": false
      }
    ],
    "isTemplate": false,
    "count": 0,
    "updated": 0
  },
  {
    "id": "d2edbec9-8fe0-4688-a99a-ca7eb7977917",
    "data": [
      {
        "text": "восхитительно",
        "userDefined": false
      }
    ],
    "isTemplate": false,
    "count": 0,
    "updated": 0
  },
  {
    "id": "43dc94ad-292c-4a22-9a74-c072bfdb33c8",
    "data": [
      {
        "text": "это было просто прекрасно",
        "userDefined": false
      }
    ],
    "isTemplate": false,
    "count": 0,
    "updated": 0
  },
  {
    "id": "94dd0a73-d43f-4c5a-901b-7b1417e19e42",
    "data": [
      {
        "text": "окей здорово",
        "userDefined": false
      }
    ],
    "isTemplate": false,
    "count": 0,
    "updated": 0
  },
  {
    "id": "316f45c6-1d3a-4bfa-bf17-8313dc5b0e54",
    "data": [
      {
        "text": "хорошо сделано",
        "userDefined": false
      }
    ],
    "isTemplate": false,
    "count": 0,
    "updated": 0
  },
  {
    "id": "9342b247-cc1a-486a-a23d-df5e44d0f625",
    "data": [
      {
        "text": "действительно здорово",
        "userDefined": false
      }
    ],
    "isTemplate": false,
    "count": 0,
    "updated": 0
  },
  {
    "id": "ec58c469-68fc-463a-8c56-7e0baebc0147",
    "data": [
      {
        "text": "гораздо лучше",
        "userDefined": false
      }
    ],
    "isTemplate": false,
    "count": 0,
    "updated": 0
  },
  {
    "id": "42285bc8-94c7-4ce7-a7ef-722ff74237e1",
    "data": [
      {
        "text": "окей хорошо",
        "userDefined": false
      }
    ],
    "isTemplate": false,
    "count": 0,
    "updated": 0
  },
  {
    "id": "88d80aa0-cc85-4bdb-a60a-30f0a88c9674",
    "data": [
      {
        "text": "изумительно",
        "userDefined": false
      }
    ],
    "isTemplate": false,
    "count": 0,
    "updated": 0
  },
  {
    "id": "da41bbef-0808-4d3b-8ef9-e692beda62bc",
    "data": [
      {
        "text": "принято к сведению",
        "userDefined": false
      }
    ],
    "isTemplate": false,
    "count": 0,
    "updated": 0
  },
  {
    "id": "54114247-33ce-4e5c-a29b-768c8e9ec043",
    "data": [
      {
        "text": "неплохо",
        "userDefined": false
      }
    ],
    "isTemplate": false,
    "count": 0,
    "updated": 0
  },
  {
    "id": "e97a4a4d-83f3-4cc1-957f-f006ab3d5f32",
    "data": [
      {
        "text": "это гораздо лучше",
        "userDefined": false
      }
    ],
    "isTemplate": false,
    "count": 0,
    "updated": 0
  },
  {
    "id": "4f778d35-a2bd-4ee2-8bd8-a79692f1cdca",
    "data": [
      {
        "text": "ok хорошо",
        "userDefined": false
      }
    ],
    "isTemplate": false,
    "count": 0,
    "updated": 0
  },
  {
    "id": "de8d7e3c-2c83-4e3d-befa-c458c7189d6c",
    "data": [
      {
        "text": "так хорошо",
        "userDefined": false
      }
    ],
    "isTemplate": false,
    "count": 0,
    "updated": 0
  },
  {
    "id": "fa05f82f-46ac-47b4-9ea1-e5c9f5a0cb76",
    "data": [
      {
        "text": "прекрасно",
        "meta": "@sys.ignore",
        "userDefined": true
      }
    ],
    "isTemplate": false,
    "count": 0,
    "updated": 0
  },
  {
    "id": "b4090688-8999-4c2e-9009-8757c122e3cc",
    "data": [
      {
        "text": "чудно",
        "userDefined": false
      }
    ],
    "isTemplate": false,
    "count": 0,
    "updated": 0
  },
  {
    "id": "17f83668-6780-4f86-9e8e-a05f661b5a25",
    "data": [
      {
        "text": "нормально",
        "userDefined": false
      }
    ],
    "isTemplate": false,
    "count": 1,
    "updated": 0
  },
  {
    "id": "474aeaf8-82f4-42f8-bcd6-c9cb2bd48058",
    "data": [
      {
        "text": "приятный",
        "meta": "@sys.ignore",
        "userDefined": true
      }
    ],
    "isTemplate": false,
    "count": 1,
    "updated": 0
  },
  {
    "id": "c79e76e3-72be-45dc-b0eb-d73696b5c131",
    "data": [
      {
        "text": "мило",
        "userDefined": false
      }
    ],
    "isTemplate": false,
    "count": 0,
    "updated": 0
  },
  {
    "id": "21dab610-e0b3-4b46-9b70-19bdce44d5c0",
    "data": [
      {
        "text": "невероятный",
        "userDefined": false
      }
    ],
    "isTemplate": false,
    "count": 0,
    "updated": 0
  },
  {
    "id": "df07de88-374b-44b1-8af7-eb5be94e1bd2",
    "data": [
      {
        "text": "супер",
        "userDefined": false
      }
    ],
    "isTemplate": false,
    "count": 0,
    "updated": 0
  },
  {
    "id": "d45a7cad-2b90-4f19-9249-0da6761920a4",
    "data": [
      {
        "text": "так мило с твоей стороны",
        "userDefined": false
      }
    ],
    "isTemplate": false,
    "count": 0,
    "updated": 0
  },
  {
    "id": "756d1822-fb10-4dfd-b7be-c9d18aa9a717",
    "data": [
      {
        "text": "не очень плохо",
        "userDefined": false
      }
    ],
    "isTemplate": false,
    "count": 1,
    "updated": 0
  },
  {
    "id": "838b979c-0727-42a2-b31f-4a950eeccc28",
    "data": [
      {
        "text": "волшебно",
        "userDefined": false
      }
    ],
    "isTemplate": false,
    "count": 0,
    "updated": 0
  },
  {
    "id": "963f468c-da54-4a3a-be30-5254c6ab4e19",
    "data": [
      {
        "text": "это довольно хорошо",
        "userDefined": false
      }
    ],
    "isTemplate": false,
    "count": 0,
    "updated": 0
  },
  {
    "id": "a12bf84e-f8af-49d2-a2e5-6d2eb999db12",
    "data": [
      {
        "text": "это прекрасно",
        "userDefined": false
      }
    ],
    "isTemplate": false,
    "count": 2,
    "updated": 0
  },
  {
    "id": "cb0329c9-4b2c-480a-847d-69ec94a0952b",
    "data": [
      {
        "text": "удивительный",
        "userDefined": false
      }
    ],
    "isTemplate": false,
    "count": 0,
    "updated": 0
  },
  {
    "id": "36190b15-747d-4c0b-80c4-9542ea4422a3",
    "data": [
      {
        "text": "это чудесно",
        "userDefined": false
      }
    ],
    "isTemplate": false,
    "count": 1,
    "updated": 0
  },
  {
    "id": "c8ec56b5-8539-4a13-8671-bf697c6c00c9",
    "data": [
      {
        "text": "хорошо",
        "userDefined": false
      }
    ],
    "isTemplate": false,
    "count": 0,
    "updated": 0
  },
  {
    "id": "dbecf369-1f55-4d32-8249-6ad6ca6721a5",
    "data": [
      {
        "text": "хороший",
        "meta": "@sys.ignore",
        "userDefined": true
      }
    ],
    "isTemplate": false,
    "count": 0,
    "updated": 0
  },
  {
    "id": "2feed92c-2450-491e-90a5-7ce84777c0e8",
    "data": [
      {
        "text": "было",
        "meta": "@sys.ignore",
        "userDefined": true
      },
      {
        "text": " здорово",
        "userDefined": false
      }
    ],
    "isTemplate": false,
    "count": 0,
    "updated": 0
  },
  {
    "id": "fa3e2142-cf42-46a8-8fa5-6ec2725fd7f6",
    "data": [
      {
        "text": "фантастический",
        "userDefined": false
      }
    ],
    "isTemplate": false,
    "count": 0,
    "updated": 0
  },
  {
    "id": "9d5a848f-4959-426f-9620-b127b0d7ddaa",
    "data": [
      {
        "text": "это было удивительно",
        "userDefined": false
      }
    ],
    "isTemplate": false,
    "count": 0,
    "updated": 0
  },
  {
    "id": "a2684e3c-8c74-46bc-93fa-60525c2d7ee6",
    "data": [
      {
        "text": "было довольно неплохо",
        "userDefined": false
      }
    ],
    "isTemplate": false,
    "count": 0,
    "updated": 0
  },
  {
    "id": "042fff18-8bb5-4dcd-bb88-ccb2af312384",
    "data": [
      {
        "text": "это неплохо",
        "userDefined": false
      }
    ],
    "isTemplate": false,
    "count": 0,
    "updated": 0
  }
]