[
  {
    "id": "325d9151-d54c-4358-a06f-cfb2a00f40ba",
    "data": [
      {
        "text": "я нахожусь здесь",
        "userDefined": false
      }
    ],
    "isTemplate": false,
    "count": 0,
    "updated": 1529616819
  },
  {
    "id": "120f2848-993d-4d1e-a6ef-a00d5c018949",
    "data": [
      {
        "text": "тут я",
        "userDefined": false
      }
    ],
    "isTemplate": false,
    "count": 0,
    "updated": 1529616819
  },
  {
    "id": "1ce01254-3d3b-4361-addb-75beee758338",
    "data": [
      {
        "text": "я здесь",
        "userDefined": false
      }
    ],
    "isTemplate": false,
    "count": 0,
    "updated": 1529616819
  },
  {
    "id": "63aa5aaa-1e2a-437c-ba19-8b51bbf5e913",
    "data": [
      {
        "text": "я уже здесь",
        "userDefined": false
      }
    ],
    "isTemplate": false,
    "count": 0,
    "updated": 1529616819
  },
  {
    "id": "fa949065-4583-412e-b382-7f078ae3175d",
    "data": [
      {
        "text": "я тут",
        "userDefined": false
      }
    ],
    "isTemplate": false,
    "count": 0,
    "updated": 1529616819
  },
  {
    "id": "d377ff71-5e34-4683-b2c5-eaec20209c4a",
    "data": [
      {
        "text": "я прямо здесь",
        "userDefined": false
      }
    ],
    "isTemplate": false,
    "count": 0,
    "updated": 1529616819
  }
]