[
  {
    "id": "3fafc679-303a-4492-97d0-201e70edb550",
    "data": [
      {
        "text": "вообще всё равно",
        "userDefined": false
      }
    ],
    "isTemplate": false,
    "count": 0,
    "updated": 0
  },
  {
    "id": "923f0101-0bef-4e97-b882-1b692475761b",
    "data": [
      {
        "text": "вообще без разницы",
        "userDefined": false
      }
    ],
    "isTemplate": false,
    "count": 0,
    "updated": 0
  },
  {
    "id": "9aad53f9-b6e5-4afe-a1d7-4442c74bd4fc",
    "data": [
      {
        "text": "без разницы",
        "userDefined": false
      }
    ],
    "isTemplate": false,
    "count": 0,
    "updated": 0
  },
  {
    "id": "5ca848d1-876b-4433-a474-f8668a28fb0c",
    "data": [
      {
        "text": "непринципиально",
        "userDefined": false
      }
    ],
    "isTemplate": false,
    "count": 0,
    "updated": 0
  },
  {
    "id": "8948218d-736e-4458-bc52-f4ece1103b50",
    "data": [
      {
        "text": "мне всё равно",
        "userDefined": false
      }
    ],
    "isTemplate": false,
    "count": 0,
    "updated": 0
  },
  {
    "id": "2a7179f2-246e-4ea5-889d-51db1fdeb44f",
    "data": [
      {
        "text": "абсолютно безразлично",
        "userDefined": false
      }
    ],
    "isTemplate": false,
    "count": 0,
    "updated": 0
  },
  {
    "id": "bdf3362b-20bf-448d-b1f0-9136a0024b57",
    "data": [
      {
        "text": "мне это абсолютно безразлично",
        "userDefined": false
      }
    ],
    "isTemplate": false,
    "count": 0,
    "updated": 0
  },
  {
    "id": "e57b6bb1-6e67-44cf-84ad-9c9067f8cb32",
    "data": [
      {
        "text": "меня это не волнует",
        "userDefined": false
      }
    ],
    "isTemplate": false,
    "count": 0,
    "updated": 0
  }
]