[
  {
    "id": "bb659b7e-dd74-49d5-8655-636a6695ce28",
    "data": [
      {
        "text": "рада тебя снова видеть",
        "userDefined": false
      }
    ],
    "isTemplate": false,
    "count": 0,
    "updated": 0
  },
  {
    "id": "bb45a183-1dda-4a7b-b3de-c9fadfd27b57",
    "data": [
      {
        "text": "рад снова тебя видеть",
        "userDefined": false
      }
    ],
    "isTemplate": false,
    "count": 0,
    "updated": 0
  },
  {
    "id": "47fa86c4-18f8-4f87-a3f8-4e075f4c1617",
    "data": [
      {
        "text": "здорово увидеть тебя снова",
        "userDefined": false
      }
    ],
    "isTemplate": false,
    "count": 0,
    "updated": 0
  },
  {
    "id": "9402fbd2-ac1f-4bdd-8c31-ce73d71a1c27",
    "data": [
      {
        "text": "как здорово снова тебя видеть",
        "userDefined": false
      }
    ],
    "isTemplate": false,
    "count": 0,
    "updated": 0
  },
  {
    "id": "4f9b792f-30b6-4a79-b8a8-7fcb1cd5e46a",
    "data": [
      {
        "text": "я тоже рада тебя видеть",
        "userDefined": false
      }
    ],
    "isTemplate": false,
    "count": 0,
    "updated": 0
  },
  {
    "id": "2d54472d-39ca-4cc4-a169-108d4890b213",
    "data": [
      {
        "text": "приятно снова видеть тебя здесь",
        "userDefined": false
      }
    ],
    "isTemplate": false,
    "count": 0,
    "updated": 0
  },
  {
    "id": "3626457a-584a-4575-ac07-b02f2471fd02",
    "data": [
      {
        "text": "приятно видеть тебя",
        "userDefined": false
      }
    ],
    "isTemplate": false,
    "count": 0,
    "updated": 0
  },
  {
    "id": "45cb1c72-5694-4f7b-a145-43690f9fe61a",
    "data": [
      {
        "text": "рада тебе",
        "userDefined": false
      }
    ],
    "isTemplate": false,
    "count": 0,
    "updated": 0
  },
  {
    "id": "d850a87e-f1fb-4a73-ab2c-a224a32d51b6",
    "data": [
      {
        "text": "всегда радостно увидеть тебя здесь",
        "userDefined": false
      }
    ],
    "isTemplate": false,
    "count": 0,
    "updated": 0
  },
  {
    "id": "5c0d0138-69d7-4da4-97b6-531e5519a1d4",
    "data": [
      {
        "text": "как же здорово тебя снова увидеть",
        "userDefined": false
      }
    ],
    "isTemplate": false,
    "count": 0,
    "updated": 0
  },
  {
    "id": "df2aea43-0e25-4de4-9e8b-4845e6a6c890",
    "data": [
      {
        "text": "чудесно увидеть тебя",
        "userDefined": false
      }
    ],
    "isTemplate": false,
    "count": 0,
    "updated": 0
  },
  {
    "id": "6c9b670f-c109-4927-8bd5-c1bb9832a114",
    "data": [
      {
        "text": "как я рад тебя видеть",
        "userDefined": false
      }
    ],
    "isTemplate": false,
    "count": 0,
    "updated": 0
  },
  {
    "id": "20908916-5056-4505-8314-761620124f77",
    "data": [
      {
        "text": "всегда рад тебе",
        "userDefined": false
      }
    ],
    "isTemplate": false,
    "count": 0,
    "updated": 0
  },
  {
    "id": "9c7cd49a-1d79-4088-aa9d-e338022d6d19",
    "data": [
      {
        "text": "это чудо видеть тебя здесь снова",
        "userDefined": false
      }
    ],
    "isTemplate": false,
    "count": 0,
    "updated": 0
  },
  {
    "id": "eaf33d3d-e072-4f34-abf3-2d641e224d11",
    "data": [
      {
        "text": "хорошо что ты снова тут",
        "userDefined": false
      }
    ],
    "isTemplate": false,
    "count": 0,
    "updated": 0
  }
]