[
  {
    "id": "733ca6da-26a7-4863-abae-15a6a440bf05",
    "data": [
      {
        "text": "добрый вечер",
        "userDefined": false
      }
    ],
    "isTemplate": false,
    "count": 0,
    "updated": 0
  },
  {
    "id": "3696fc6b-7936-4847-b78c-7c0ab902e355",
    "data": [
      {
        "text": "всем",
        "meta": "@sys.ignore",
        "userDefined": true
      },
      {
        "text": " добрый вечер",
        "userDefined": false
      }
    ],
    "isTemplate": false,
    "count": 0,
    "updated": 0
  },
  {
    "id": "dbe8f116-d618-4598-b4fc-7c086d81225c",
    "data": [
      {
        "text": "привет добрый вечер",
        "userDefined": false
      }
    ],
    "isTemplate": false,
    "count": 0,
    "updated": 0
  },
  {
    "id": "daeff3fb-ab77-4e96-a73d-6fe7e25ab559",
    "data": [
      {
        "text": "вечер добрый",
        "userDefined": false
      }
    ],
    "isTemplate": false,
    "count": 0,
    "updated": 0
  },
  {
    "id": "91b7d73f-f2b4-4bfd-b57a-cd148354a342",
    "data": [
      {
        "text": "приветствую тебя этим вечером",
        "userDefined": false
      }
    ],
    "isTemplate": false,
    "count": 0,
    "updated": 0
  }
]