[
  {
    "id": "d5274d00-e49d-445f-8042-14dfa4b30498",
    "data": [
      {
        "text": "сколько мне ещё ждать",
        "userDefined": false
      }
    ],
    "isTemplate": false,
    "count": 0,
    "updated": 0
  },
  {
    "id": "97294bb0-e8a9-4d2f-9aa5-ed8c0c3db04c",
    "data": [
      {
        "text": "я подожду",
        "userDefined": false
      }
    ],
    "isTemplate": false,
    "count": 0,
    "updated": 0
  },
  {
    "id": "580214f3-d72e-44b9-a128-0a7d86933c20",
    "data": [
      {
        "text": "ожидаю",
        "userDefined": false
      }
    ],
    "isTemplate": false,
    "count": 0,
    "updated": 0
  },
  {
    "id": "4b1626fb-78b3-4e1a-8514-c5adb8953ed4",
    "data": [
      {
        "text": "я жду",
        "userDefined": false
      }
    ],
    "isTemplate": false,
    "count": 0,
    "updated": 0
  },
  {
    "id": "97b0a94c-2dcc-4bcb-9324-86929848436b",
    "data": [
      {
        "text": "хорошо я подожду",
        "userDefined": false
      }
    ],
    "isTemplate": false,
    "count": 0,
    "updated": 0
  },
  {
    "id": "dcee4e67-1382-4b53-a1f5-9dbf6085a818",
    "data": [
      {
        "text": "всё ещё жду",
        "userDefined": false
      }
    ],
    "isTemplate": false,
    "count": 0,
    "updated": 0
  },
  {
    "id": "52b542a9-eb3c-449d-ab20-ff7a3e434e38",
    "data": [
      {
        "text": "больше не могу ждать",
        "userDefined": false
      }
    ],
    "isTemplate": false,
    "count": 0,
    "updated": 0
  }
]