[
  {
    "id": "cbe8a0d2-bb5f-46e7-8403-3285c3a807eb",
    "data": [
      {
        "text": "я на тебя очень зол",
        "userDefined": false
      }
    ],
    "isTemplate": false,
    "count": 0,
    "updated": 1529616760
  },
  {
    "id": "b240baed-05b7-45a1-8934-cf5cbd6cbfc1",
    "data": [
      {
        "text": "я взбешён",
        "userDefined": false
      }
    ],
    "isTemplate": false,
    "count": 0,
    "updated": 1529616760
  },
  {
    "id": "ff2546fe-ab8d-46f3-8e14-faf1a1cbc7f0",
    "data": [
      {
        "text": "я разгневана",
        "userDefined": false
      }
    ],
    "isTemplate": false,
    "count": 0,
    "updated": 1529616760
  },
  {
    "id": "2f447753-7987-4ea9-9691-bf5ee754cee3",
    "data": [
      {
        "text": "злюсь на тебя",
        "userDefined": false
      }
    ],
    "isTemplate": false,
    "count": 0,
    "updated": 1529616760
  },
  {
    "id": "371e424a-c5d0-4595-80bf-bc88512f6144",
    "data": [
      {
        "text": "я зол",
        "userDefined": false
      }
    ],
    "isTemplate": false,
    "count": 0,
    "updated": 1529616760
  },
  {
    "id": "aa5a5b4d-d660-444d-a4f4-3d977d934c7b",
    "data": [
      {
        "text": "я разъярён",
        "userDefined": false
      }
    ],
    "isTemplate": false,
    "count": 0,
    "updated": 1529616760
  },
  {
    "id": "7ee76b9e-1c7b-4931-89b9-222cbfad2432",
    "data": [
      {
        "text": "я злюсь",
        "userDefined": false
      }
    ],
    "isTemplate": false,
    "count": 0,
    "updated": 1529616760
  }
]