[
  {
    "id": "2fb71d75-2f4a-483b-a831-004739c4f3bd",
    "data": [
      {
        "text": "я вернусь к тебе через минуту",
        "userDefined": false
      }
    ],
    "isTemplate": false,
    "count": 0,
    "updated": 0
  },
  {
    "id": "91209145-1aee-4fb4-89ef-2d167cf83f73",
    "data": [
      {
        "text": "я вернусь к тебе очень скоро",
        "userDefined": false
      }
    ],
    "isTemplate": false,
    "count": 0,
    "updated": 0
  },
  {
    "id": "1e193c16-ee16-437b-a17f-24e1705d925b",
    "data": [
      {
        "text": "я вернусь через несколько минут",
        "userDefined": false
      }
    ],
    "isTemplate": false,
    "count": 0,
    "updated": 0
  },
  {
    "id": "abba62e4-a35f-4e24-a2ec-c84b6ee8c44e",
    "data": [
      {
        "text": "буду снова здесь через 5 минут",
        "userDefined": false
      }
    ],
    "isTemplate": false,
    "count": 0,
    "updated": 0
  },
  {
    "id": "c30e841d-7158-4f2e-995e-4e657a4340e6",
    "data": [
      {
        "text": "скоро буду",
        "userDefined": false
      }
    ],
    "isTemplate": false,
    "count": 0,
    "updated": 0
  },
  {
    "id": "56f71197-c6e6-4daa-816b-01d8020d1d79",
    "data": [
      {
        "text": "скоро вернусь",
        "userDefined": false
      }
    ],
    "isTemplate": false,
    "count": 0,
    "updated": 0
  },
  {
    "id": "00d576a5-95ef-4513-ae61-741548686e72",
    "data": [
      {
        "text": "совсем скоро буду снова здесь",
        "userDefined": false
      }
    ],
    "isTemplate": false,
    "count": 0,
    "updated": 0
  },
  {
    "id": "3be88055-e5fb-4451-be32-7f029a27dd95",
    "data": [
      {
        "text": "обещаю скоро вернусь",
        "userDefined": false
      }
    ],
    "isTemplate": false,
    "count": 0,
    "updated": 0
  }
]