[
  {
    "id": "8d486be3-7a54-4f2f-b8a9-e6b1c6ba2101",
    "data": [
      {
        "text": "приятно было познакомиться",
        "userDefined": false
      }
    ],
    "isTemplate": false,
    "count": 0,
    "updated": 0
  },
  {
    "id": "06bdd66d-1494-4e0c-8c2c-1a5556e42df5",
    "data": [
      {
        "text": "рада знакомству с тобой",
        "userDefined": false
      }
    ],
    "isTemplate": false,
    "count": 0,
    "updated": 0
  },
  {
    "id": "c626951e-77fd-4bbe-92a0-967af356d151",
    "data": [
      {
        "text": "рад наконец с тобой познакомиться",
        "userDefined": false
      }
    ],
    "isTemplate": false,
    "count": 0,
    "updated": 0
  },
  {
    "id": "920866ca-1cbb-4d58-a6ce-3a33c83728a0",
    "data": [
      {
        "text": "приятно познакомиться",
        "userDefined": false
      }
    ],
    "isTemplate": false,
    "count": 0,
    "updated": 0
  },
  {
    "id": "b13ee0be-e2f2-423e-8463-8943ce0fa922",
    "data": [
      {
        "text": "было приятно с тобой познакомиться",
        "userDefined": false
      }
    ],
    "isTemplate": false,
    "count": 0,
    "updated": 0
  },
  {
    "id": "a8513eed-3a4a-427b-9987-9dcf9fe631e6",
    "data": [
      {
        "text": "рада встрече",
        "userDefined": false
      }
    ],
    "isTemplate": false,
    "count": 0,
    "updated": 0
  },
  {
    "id": "b82810c9-6b18-4e3d-a04f-952597fe6774",
    "data": [
      {
        "text": "рад встрече с тобой",
        "userDefined": false
      }
    ],
    "isTemplate": false,
    "count": 0,
    "updated": 0
  },
  {
    "id": "751b92ea-0f50-47f2-b0ee-74f456ceffc3",
    "data": [
      {
        "text": "очень рада знакомству с тобой",
        "userDefined": false
      }
    ],
    "isTemplate": false,
    "count": 0,
    "updated": 0
  },
  {
    "id": "7d4a0fcf-105b-443c-aa96-aa23180b434a",
    "data": [
      {
        "text": "рад знакомству",
        "userDefined": false
      }
    ],
    "isTemplate": false,
    "count": 0,
    "updated": 0
  },
  {
    "id": "af7cd8e5-4ddf-4dbf-8c10-65644fee18d9",
    "data": [
      {
        "text": "рад познакомиться",
        "userDefined": false
      }
    ],
    "isTemplate": false,
    "count": 0,
    "updated": 0
  }
]