[
  {
    "id": "b91a631d-1488-4643-a0f2-bf26edb55562",
    "data": [
      {
        "text": "что ты хочешь этим сказать",
        "userDefined": false
      }
    ],
    "isTemplate": false,
    "count": 0,
    "updated": 0
  },
  {
    "id": "c83085c1-6aad-4197-8b22-c98dfd3173d3",
    "data": [
      {
        "text": "поясни что ты имела в виду",
        "userDefined": false
      }
    ],
    "isTemplate": false,
    "count": 0,
    "updated": 0
  },
  {
    "id": "0137f231-348d-4f5e-8680-8906cc16295b",
    "data": [
      {
        "text": "ты это имела в виду",
        "userDefined": false
      }
    ],
    "isTemplate": false,
    "count": 0,
    "updated": 0
  },
  {
    "id": "e2b1e16f-d762-4c03-90d6-1967f9068770",
    "data": [
      {
        "text": "что ты имеешь в виду",
        "userDefined": false
      }
    ],
    "isTemplate": false,
    "count": 1,
    "updated": 0
  },
  {
    "id": "91bf9be0-e3ad-434f-bdcc-f1483fa9b8c4",
    "data": [
      {
        "text": "уточни о чём ты",
        "userDefined": false
      }
    ],
    "isTemplate": false,
    "count": 0,
    "updated": 0
  },
  {
    "id": "33eb8a68-455a-49ab-abd7-4637f260ffb7",
    "data": [
      {
        "text": "поясни что ты хотел сказать",
        "userDefined": false
      }
    ],
    "isTemplate": false,
    "count": 0,
    "updated": 0
  },
  {
    "id": "15ee3433-90ba-4b21-a973-cdfdb93432e3",
    "data": [
      {
        "text": "ты что имела в виду",
        "userDefined": false
      }
    ],
    "isTemplate": false,
    "count": 0,
    "updated": 0
  }
]