[
  {
    "id": "6b77fb5f-ee39-420f-88cc-552f2716dafc",
    "data": [
      {
        "text": "ты мне наскучил",
        "userDefined": false
      }
    ],
    "isTemplate": false,
    "count": 0,
    "updated": 0
  },
  {
    "id": "663d2d4c-47ec-415d-8f63-8b0638aee708",
    "data": [
      {
        "text": "это скучно",
        "userDefined": false
      }
    ],
    "isTemplate": false,
    "count": 0,
    "updated": 0
  },
  {
    "id": "74e39a2b-fcdd-4e2b-8ef4-dab00cc3a8ce",
    "data": [
      {
        "text": "мне скучно",
        "userDefined": false
      }
    ],
    "isTemplate": false,
    "count": 0,
    "updated": 0
  },
  {
    "id": "30a908fe-da43-4fd9-af6c-0f3ce3c1290f",
    "data": [
      {
        "text": "ты",
        "meta": "@sys.ignore",
        "userDefined": false
      },
      {
        "text": " скучная",
        "userDefined": false
      }
    ],
    "isTemplate": false,
    "count": 0,
    "updated": 0
  },
  {
    "id": "556ec13b-d375-434e-b61f-42367096b2ff",
    "data": [
      {
        "text": "мне это наскучило",
        "userDefined": false
      }
    ],
    "isTemplate": false,
    "count": 0,
    "updated": 0
  },
  {
    "id": "5f3e896e-f8bd-486a-92d6-eca7b2d0fc28",
    "data": [
      {
        "text": "очень скучно",
        "userDefined": false
      }
    ],
    "isTemplate": false,
    "count": 0,
    "updated": 0
  },
  {
    "id": "3b5bb5fd-9523-4f37-b8df-2b6167a20ca3",
    "data": [
      {
        "text": "скукотища",
        "userDefined": false
      }
    ],
    "isTemplate": false,
    "count": 0,
    "updated": 0
  },
  {
    "id": "107820d7-0290-446a-b80a-d34e0ac68321",
    "data": [
      {
        "text": "скука",
        "userDefined": false
      }
    ],
    "isTemplate": false,
    "count": 0,
    "updated": 0
  }
]