[
  {
    "id": "b1dc1464-1f57-4975-95d2-b68d85a6ca99",
    "data": [
      {
        "text": "мне грустно",
        "userDefined": false
      }
    ],
    "isTemplate": false,
    "count": 0,
    "updated": 0
  },
  {
    "id": "c4dbd98f-0454-477d-a3f3-5a6f7e002b85",
    "data": [
      {
        "text": "хочу плакать",
        "userDefined": false
      }
    ],
    "isTemplate": false,
    "count": 0,
    "updated": 0
  },
  {
    "id": "39bf98ce-0e73-48ee-9742-348792b1026f",
    "data": [
      {
        "text": "просто я грустил",
        "userDefined": false
      }
    ],
    "isTemplate": false,
    "count": 0,
    "updated": 0
  },
  {
    "id": "4de50b18-98e9-4576-92e2-2505c799ccbc",
    "data": [
      {
        "text": "мне не радостно",
        "userDefined": false
      }
    ],
    "isTemplate": false,
    "count": 0,
    "updated": 0
  },
  {
    "id": "1b6070eb-9ca4-4aad-a70b-17b033d7deba",
    "data": [
      {
        "text": "я горевал",
        "userDefined": false
      }
    ],
    "isTemplate": false,
    "count": 0,
    "updated": 0
  },
  {
    "id": "2d937a4d-c877-4202-9b6b-c8f4828228d4",
    "data": [
      {
        "text": "я горюю",
        "userDefined": false
      }
    ],
    "isTemplate": false,
    "count": 1,
    "updated": 0
  },
  {
    "id": "1b25986e-b287-49b7-a200-6d48db48ac95",
    "data": [
      {
        "text": "я в депрессии",
        "userDefined": false
      }
    ],
    "isTemplate": false,
    "count": 0,
    "updated": 0
  },
  {
    "id": "e263fc47-2823-4987-8ae2-9e21eff5b85d",
    "data": [
      {
        "text": "у меня был тяжелый день",
        "userDefined": false
      }
    ],
    "isTemplate": false,
    "count": 1,
    "updated": 0
  },
  {
    "id": "2251679d-8c4c-4bae-8587-8a8c44bb065e",
    "data": [
      {
        "text": "я расстроен",
        "userDefined": false
      }
    ],
    "isTemplate": false,
    "count": 0,
    "updated": 0
  },
  {
    "id": "159a6072-7307-445c-8e24-bbbdb496fd3b",
    "data": [
      {
        "text": "я грущу",
        "userDefined": false
      }
    ],
    "isTemplate": false,
    "count": 0,
    "updated": 0
  }
]