[
  {
    "id": "0150f437-a403-4aa8-9f7a-aecd8c98fc19",
    "data": [
      {
        "text": "я счастлив",
        "userDefined": false
      }
    ],
    "isTemplate": false,
    "count": 0,
    "updated": 0
  },
  {
    "id": "cd590dc5-b505-470a-be0d-d6f22b14ac90",
    "data": [
      {
        "text": "я счастлив тебя видеть",
        "userDefined": false
      }
    ],
    "isTemplate": false,
    "count": 0,
    "updated": 0
  },
  {
    "id": "f94fb9c5-053e-4e93-b644-136a0e90c9fc",
    "data": [
      {
        "text": "счастлива",
        "meta": "@sys.ignore",
        "userDefined": false
      }
    ],
    "isTemplate": false,
    "count": 0,
    "updated": 0
  },
  {
    "id": "1b5728d0-ad97-4766-965c-16988113b498",
    "data": [
      {
        "text": "я счастлив помочь",
        "userDefined": false
      }
    ],
    "isTemplate": false,
    "count": 0,
    "updated": 0
  },
  {
    "id": "63c8c0a0-99b7-41e3-a25e-a08f2e2df865",
    "data": [
      {
        "text": "счастлив за тебя",
        "userDefined": false
      }
    ],
    "isTemplate": false,
    "count": 0,
    "updated": 0
  },
  {
    "id": "46486252-76f5-4ddb-a79e-574d8913680b",
    "data": [
      {
        "text": "если ты счастлив то и я счастлива",
        "userDefined": false
      }
    ],
    "isTemplate": false,
    "count": 0,
    "updated": 0
  },
  {
    "id": "686bfff6-0887-45d2-b862-8a0273293acd",
    "data": [
      {
        "text": "я счастлива тебя видеть",
        "userDefined": false
      }
    ],
    "isTemplate": false,
    "count": 0,
    "updated": 0
  }
]