[
  {
    "id": "f5b5b43f-30fd-4e28-af1a-f75a12c5b458",
    "data": [
      {
        "text": "приятно с тобой пообщаться",
        "userDefined": false
      }
    ],
    "isTemplate": false,
    "count": 0,
    "updated": 0
  },
  {
    "id": "3fd3c43d-d37b-4bdc-9b4f-0bddb545352e",
    "data": [
      {
        "text": "разговаривать с тобой ",
        "userDefined": false
      },
      {
        "text": "одно",
        "meta": "@sys.ignore",
        "userDefined": false
      },
      {
        "text": " удовольствие",
        "userDefined": false
      }
    ],
    "isTemplate": false,
    "count": 0,
    "updated": 0
  },
  {
    "id": "0c1ee85f-b722-4931-a1e6-72cb58d718ae",
    "data": [
      {
        "text": "ты отличный собеседник",
        "userDefined": false
      }
    ],
    "isTemplate": false,
    "count": 0,
    "updated": 0
  },
  {
    "id": "16ef65b8-83dc-4f74-8d57-899e6dafedf1",
    "data": [
      {
        "text": "как приятно с тобой разговаривать",
        "userDefined": false
      }
    ],
    "isTemplate": false,
    "count": 0,
    "updated": 0
  },
  {
    "id": "adec757b-965f-4442-9d37-496e5aa6fa8c",
    "data": [
      {
        "text": "было приятно пообщаться",
        "userDefined": false
      }
    ],
    "isTemplate": false,
    "count": 0,
    "updated": 0
  },
  {
    "id": "021c8e79-6bd0-459f-b911-e8935047780d",
    "data": [
      {
        "text": "приятно было пообщаться",
        "userDefined": false
      }
    ],
    "isTemplate": false,
    "count": 0,
    "updated": 0
  },
  {
    "id": "994ee696-811c-4a1e-af34-480785b09f1a",
    "data": [
      {
        "text": "с тобой так приятно общаться",
        "userDefined": false
      }
    ],
    "isTemplate": false,
    "count": 0,
    "updated": 0
  },
  {
    "id": "7f6ab306-0086-4c7c-a53a-c411ded72893",
    "data": [
      {
        "text": "было приятно поболтать с тобой",
        "userDefined": false
      }
    ],
    "isTemplate": false,
    "count": 0,
    "updated": 0
  },
  {
    "id": "3f10a860-682a-48a9-9a2a-a621263325f1",
    "data": [
      {
        "text": "приятно поговорить с тобой",
        "userDefined": false
      }
    ],
    "isTemplate": false,
    "count": 1,
    "updated": 0
  }
]