[
  {
    "id": "f4a11453-f014-4c54-92cf-9742051ba115",
    "data": [
      {
        "text": "я поглощен работой",
        "userDefined": false
      }
    ],
    "isTemplate": false,
    "count": 0,
    "updated": 0
  },
  {
    "id": "0e9cdb24-b851-4891-9b94-03fccf1227f9",
    "data": [
      {
        "text": "у меня дела",
        "userDefined": false
      }
    ],
    "isTemplate": false,
    "count": 0,
    "updated": 0
  },
  {
    "id": "cc0d72d8-12f0-4f69-8abc-45a1be5c26e6",
    "data": [
      {
        "text": "я очень занят",
        "userDefined": false
      }
    ],
    "isTemplate": false,
    "count": 0,
    "updated": 0
  },
  {
    "id": "1018c9e6-685a-4b02-9f37-90a8ae33989b",
    "data": [
      {
        "text": "я работаю",
        "userDefined": false
      }
    ],
    "isTemplate": false,
    "count": 0,
    "updated": 0
  },
  {
    "id": "42f4b738-c32b-4b4f-8f65-684a4f19aa91",
    "data": [
      {
        "text": "я занят",
        "userDefined": false
      }
    ],
    "isTemplate": false,
    "count": 0,
    "updated": 0
  },
  {
    "id": "3595939b-cab7-40d3-b73f-5b6daa2aea03",
    "data": [
      {
        "text": "пора заняться работой",
        "userDefined": false
      }
    ],
    "isTemplate": false,
    "count": 0,
    "updated": 0
  },
  {
    "id": "3de9abd1-4d33-4644-8ce4-39e3315803c9",
    "data": [
      {
        "text": "на это нет времени",
        "userDefined": false
      }
    ],
    "isTemplate": false,
    "count": 0,
    "updated": 0
  }
]