[
  {
    "id": "747348ab-e279-4bdd-90dd-3fe35f14b4e1",
    "data": [
      {
        "text": "неправильно",
        "userDefined": false
      }
    ],
    "isTemplate": false,
    "count": 0,
    "updated": 0
  },
  {
    "id": "798791c8-f51a-4e81-a99a-09abf5adff13",
    "data": [
      {
        "text": "это не совсем так",
        "userDefined": false
      }
    ],
    "isTemplate": false,
    "count": 0,
    "updated": 0
  },
  {
    "id": "3c976f25-2107-4413-9b86-7d28cd0f9a33",
    "data": [
      {
        "text": "не соответствует действительности",
        "userDefined": false
      }
    ],
    "isTemplate": false,
    "count": 0,
    "updated": 0
  },
  {
    "id": "3492715d-4fa9-42b2-a600-5814cbae7105",
    "data": [
      {
        "text": "некорректно",
        "userDefined": false
      }
    ],
    "isTemplate": false,
    "count": 0,
    "updated": 0
  },
  {
    "id": "36281345-6df8-4064-94d4-791ffd16adcb",
    "data": [
      {
        "text": "это не так",
        "userDefined": false
      }
    ],
    "isTemplate": false,
    "count": 0,
    "updated": 0
  },
  {
    "id": "56168b1b-f836-4728-9e7d-5098ff264673",
    "data": [
      {
        "text": "это неправильно",
        "userDefined": false
      }
    ],
    "isTemplate": false,
    "count": 0,
    "updated": 0
  },
  {
    "id": "a6e3e21d-6d83-4aaf-956d-787b3e346057",
    "data": [
      {
        "text": "это неверно",
        "userDefined": false
      }
    ],
    "isTemplate": false,
    "count": 0,
    "updated": 0
  },
  {
    "id": "74fd9b06-49b5-4a17-bd99-18e43a7661d3",
    "data": [
      {
        "text": "это не то что я прошу",
        "userDefined": false
      }
    ],
    "isTemplate": false,
    "count": 0,
    "updated": 0
  },
  {
    "id": "7ca571a5-1194-4835-a3c7-260760c734cb",
    "data": [
      {
        "text": "неверно",
        "userDefined": false
      }
    ],
    "isTemplate": false,
    "count": 0,
    "updated": 0
  },
  {
    "id": "e3fadd6a-ab93-4d7b-b5b6-b8481d2b1f9f",
    "data": [
      {
        "text": "неправильный ответ",
        "userDefined": false
      }
    ],
    "isTemplate": false,
    "count": 0,
    "updated": 0
  },
  {
    "id": "23f3242e-80e2-42b0-9492-c020b65cd142",
    "data": [
      {
        "text": "ты не прав",
        "userDefined": false
      }
    ],
    "isTemplate": false,
    "count": 0,
    "updated": 0
  },
  {
    "id": "30f17fff-31de-4201-b9e5-4e7d26fb450a",
    "data": [
      {
        "text": "это было неправильным",
        "userDefined": false
      }
    ],
    "isTemplate": false,
    "count": 0,
    "updated": 0
  },
  {
    "id": "792f30a3-71c5-4e1f-9523-b1ad85827b78",
    "data": [
      {
        "text": "это не то о чём я спросил",
        "userDefined": false
      }
    ],
    "isTemplate": false,
    "count": 0,
    "updated": 0
  }
]