[
  {
    "id": "f8666d11-fee7-4e4e-9ffa-dd19bf4cd319",
    "data": [
      {
        "text": "ужасная идея",
        "userDefined": false
      }
    ],
    "isTemplate": false,
    "count": 0,
    "updated": 1529616530
  },
  {
    "id": "1a6905f3-1595-432f-951f-51a20939fc70",
    "data": [
      {
        "text": "это было плохо",
        "userDefined": false
      }
    ],
    "isTemplate": false,
    "count": 1,
    "updated": 1529616530
  },
  {
    "id": "476f5223-b1a1-4613-bba9-11b12a4d274f",
    "data": [
      {
        "text": "очень плохо",
        "userDefined": false
      }
    ],
    "isTemplate": false,
    "count": 0,
    "updated": 1529616530
  },
  {
    "id": "127f0633-3107-4927-b6e1-cdb29010c37e",
    "data": [
      {
        "text": "неубедительно",
        "userDefined": false
      }
    ],
    "isTemplate": false,
    "count": 0,
    "updated": 1529616530
  },
  {
    "id": "61d1f40c-dc5d-47dd-ac21-6c6937ce37fc",
    "data": [
      {
        "text": "это была плохая идея",
        "userDefined": false
      }
    ],
    "isTemplate": false,
    "count": 0,
    "updated": 1529616530
  },
  {
    "id": "0b94eefc-51c6-48bf-9362-e1c3c0f843d0",
    "data": [
      {
        "text": "так ужасно",
        "userDefined": false
      }
    ],
    "isTemplate": false,
    "count": 0,
    "updated": 1529616530
  },
  {
    "id": "6815dbc5-b7b6-4dbe-bb07-7760301f775c",
    "data": [
      {
        "text": "ну очень плохо",
        "userDefined": false
      }
    ],
    "isTemplate": false,
    "count": 0,
    "updated": 1529616530
  },
  {
    "id": "f6aac351-c47c-48f5-bb39-ccb02f014f01",
    "data": [
      {
        "text": "это плохо",
        "userDefined": false
      }
    ],
    "isTemplate": false,
    "count": 0,
    "updated": 1529616530
  },
  {
    "id": "e418aa98-05b1-400a-bf5d-d3b094acc523",
    "data": [
      {
        "text": "ужасно",
        "userDefined": false
      }
    ],
    "isTemplate": false,
    "count": 0,
    "updated": 1529616530
  },
  {
    "id": "3bc25a79-5e9f-48c5-b435-2a55b227182b",
    "data": [
      {
        "text": "было ужасно",
        "userDefined": false
      }
    ],
    "isTemplate": false,
    "count": 0,
    "updated": 1529616530
  },
  {
    "id": "0de14476-cc31-4471-9416-0ff3be50bc2c",
    "data": [
      {
        "text": "ужаснее не бывает",
        "userDefined": false
      }
    ],
    "isTemplate": false,
    "count": 0,
    "updated": 1529616530
  },
  {
    "id": "dcf84c19-f201-40c6-8149-a8484ec9cb69",
    "data": [
      {
        "text": "так плохо",
        "userDefined": false
      }
    ],
    "isTemplate": false,
    "count": 0,
    "updated": 1529616530
  },
  {
    "id": "5a4850a9-91e0-4590-a7ff-2fae70ceab31",
    "data": [
      {
        "text": "слишком плохо",
        "userDefined": false
      }
    ],
    "isTemplate": false,
    "count": 0,
    "updated": 1529616530
  },
  {
    "id": "467785f5-ee89-4abc-a82a-6994152f5ece",
    "data": [
      {
        "text": "боюсь это не так",
        "userDefined": false
      }
    ],
    "isTemplate": false,
    "count": 0,
    "updated": 1529616530
  },
  {
    "id": "6d4ae214-f55a-4988-bc90-f1f49731ea2a",
    "data": [
      {
        "text": "довольно-таки плохо",
        "userDefined": false
      }
    ],
    "isTemplate": false,
    "count": 0,
    "updated": 1529616530
  },
  {
    "id": "ad5ede52-8dd4-45fd-b5ab-327d35e061e3",
    "data": [
      {
        "text": "ничего хорошего",
        "userDefined": false
      }
    ],
    "isTemplate": false,
    "count": 0,
    "updated": 1529616530
  },
  {
    "id": "05c9a672-287d-4bed-a934-66a3cb352672",
    "data": [
      {
        "text": "недостаточно хороший",
        "userDefined": false
      }
    ],
    "isTemplate": false,
    "count": 0,
    "updated": 1529616530
  },
  {
    "id": "cc97e12b-14e5-4353-9b5e-cbb9240306c2",
    "data": [
      {
        "text": "плохо",
        "userDefined": false
      }
    ],
    "isTemplate": false,
    "count": 0,
    "updated": 1529616530
  },
  {
    "id": "a7439c5b-3681-4af2-8303-ce4f223b2aa6",
    "data": [
      {
        "text": "плохой ответ",
        "userDefined": false
      }
    ],
    "isTemplate": false,
    "count": 0,
    "updated": 1529616530
  },
  {
    "id": "8af05ede-7567-4119-b57a-0345ee0e726e",
    "data": [
      {
        "text": "невероятно плохо",
        "userDefined": false
      }
    ],
    "isTemplate": false,
    "count": 0,
    "updated": 1529616530
  },
  {
    "id": "666aa130-e5dd-4c83-b742-d396f0d7e689",
    "data": [
      {
        "text": "отвратительно",
        "userDefined": false
      }
    ],
    "isTemplate": false,
    "count": 0,
    "updated": 1529616530
  },
  {
    "id": "65365ddc-d093-4409-858f-b159e959f17e",
    "data": [
      {
        "text": "недостаточно хорошо",
        "userDefined": false
      }
    ],
    "isTemplate": false,
    "count": 0,
    "updated": 1529616530
  },
  {
    "id": "1e7065f7-17c8-461e-af54-d13c5da79d9c",
    "data": [
      {
        "text": "да уж плохо",
        "userDefined": false
      }
    ],
    "isTemplate": false,
    "count": 0,
    "updated": 1529616530
  },
  {
    "id": "208b4184-9363-4dab-8f94-f8cd8b84d3a5",
    "data": [
      {
        "text": "ужас",
        "userDefined": false
      }
    ],
    "isTemplate": false,
    "count": 0,
    "updated": 1529616530
  },
  {
    "id": "3203233d-a3f8-41f9-b3ba-8175c32c78f6",
    "data": [
      {
        "text": "крайне плохо",
        "userDefined": false
      }
    ],
    "isTemplate": false,
    "count": 0,
    "updated": 1529616530
  },
  {
    "id": "145d5ca0-be7c-466f-abd4-72b54a205e5a",
    "data": [
      {
        "text": "это было ужасно плохо",
        "userDefined": false
      }
    ],
    "isTemplate": false,
    "count": 0,
    "updated": 1529616530
  },
  {
    "id": "0dca496f-d29c-4eb1-9787-887adc6cb955",
    "data": [
      {
        "text": "действительно ужасно",
        "userDefined": false
      }
    ],
    "isTemplate": false,
    "count": 0,
    "updated": 1529616530
  },
  {
    "id": "8e423bd5-ce08-4d56-8d9f-7a1ebb93fb18",
    "data": [
      {
        "text": "так жутко",
        "userDefined": false
      }
    ],
    "isTemplate": false,
    "count": 0,
    "updated": 1529616530
  },
  {
    "id": "5b73fa1e-ae21-4c6d-b99d-1eb832dc0a44",
    "data": [
      {
        "text": "безобразно",
        "userDefined": false
      }
    ],
    "isTemplate": false,
    "count": 0,
    "updated": 1529616530
  },
  {
    "id": "957cbc4c-ad03-4054-8e8c-7d081ad81b66",
    "data": [
      {
        "text": "крайне отвратительно",
        "userDefined": false
      }
    ],
    "isTemplate": false,
    "count": 0,
    "updated": 1529616530
  },
  {
    "id": "a792ada3-a4ab-4e42-843e-f2fe346f6a52",
    "data": [
      {
        "text": "плохо очень плохо",
        "userDefined": false
      }
    ],
    "isTemplate": false,
    "count": 0,
    "updated": 1529616530
  }
]