[
  {
    "id": "ae3d639d-16ed-4dd1-9239-0687033618a4",
    "data": [
      {
        "text": "я в восторге",
        "userDefined": false
      }
    ],
    "isTemplate": false,
    "count": 0,
    "updated": 0
  },
  {
    "id": "ed3d6b6f-bb6b-4c67-9ce2-ead3e13407fc",
    "data": [
      {
        "text": "это приводит меня в трепет",
        "userDefined": false
      }
    ],
    "isTemplate": false,
    "count": 0,
    "updated": 0
  },
  {
    "id": "cc1c3162-fd23-4103-8ee7-b2ef33ce6126",
    "data": [
      {
        "text": "очень взволнован",
        "userDefined": false
      }
    ],
    "isTemplate": false,
    "count": 0,
    "updated": 0
  },
  {
    "id": "9d3e1def-9d28-4373-bd18-8325a1f87d13",
    "data": [
      {
        "text": "жду не дождусь начала нашего сотрудничества",
        "userDefined": false
      }
    ],
    "isTemplate": false,
    "count": 0,
    "updated": 0
  },
  {
    "id": "94d2e1a7-8349-4a29-9f92-179f4265181c",
    "data": [
      {
        "text": "я взбудоражена",
        "userDefined": false
      }
    ],
    "isTemplate": false,
    "count": 0,
    "updated": 0
  },
  {
    "id": "62183a24-9545-485e-839c-4e91299be293",
    "data": [
      {
        "text": "это меня взволновало",
        "userDefined": false
      }
    ],
    "isTemplate": false,
    "count": 0,
    "updated": 0
  },
  {
    "id": "e25ec897-dc45-4633-a000-07971c61459b",
    "data": [
      {
        "text": "я в восторге от работы с тобой",
        "userDefined": false
      }
    ],
    "isTemplate": false,
    "count": 0,
    "updated": 0
  }
]