[
  {
    "id": "60dbf8a0-4083-4fd1-be02-425e69a7747f",
    "data": [
      {
        "text": "отменить",
        "userDefined": false
      }
    ],
    "isTemplate": false,
    "count": 0,
    "updated": 1529616573
  },
  {
    "id": "9155a9cc-8696-4ac9-b57f-7e13173a43a4",
    "data": [
      {
        "text": "стоп",
        "userDefined": false
      }
    ],
    "isTemplate": false,
    "count": 0,
    "updated": 1529616573
  },
  {
    "id": "a5faf000-aa88-4aec-9b44-541c248ffb8e",
    "data": [
      {
        "text": "хватит",
        "userDefined": false
      }
    ],
    "isTemplate": false,
    "count": 0,
    "updated": 1529616573
  },
  {
    "id": "3ce36353-976a-48fd-9627-ddfaa0fbadaf",
    "data": [
      {
        "text": "отмена",
        "userDefined": false
      }
    ],
    "isTemplate": false,
    "count": 1,
    "updated": 1529616573
  },
  {
    "id": "625afbc1-8a45-4f5f-a954-117dc54028db",
    "data": [
      {
        "text": "перестань",
        "userDefined": false
      }
    ],
    "isTemplate": false,
    "count": 0,
    "updated": 1529616573
  },
  {
    "id": "deead0d3-a65b-4552-ae61-be5523c443c1",
    "data": [
      {
        "text": "прекрати",
        "userDefined": false
      }
    ],
    "isTemplate": false,
    "count": 0,
    "updated": 1529616573
  },
  {
    "id": "c9fa36c3-cd0f-4d2e-8d45-615973a3f863",
    "data": [
      {
        "text": "отмени",
        "userDefined": false
      }
    ],
    "isTemplate": false,
    "count": 0,
    "updated": 1529616573
  },
  {
    "id": "66bf67a5-9180-47fb-a859-272dc877b2f2",
    "data": [
      {
        "text": "забудь",
        "userDefined": false
      }
    ],
    "isTemplate": false,
    "count": 0,
    "updated": 1529616573
  },
  {
    "id": "42f3e7f4-5ac7-4e46-8b03-4fc830fa16a6",
    "data": [
      {
        "text": "отменить действие",
        "userDefined": false
      }
    ],
    "isTemplate": false,
    "count": 0,
    "updated": 1529616573
  },
  {
    "id": "9cf35992-6041-45a4-85b4-c51a76407be4",
    "data": [
      {
        "text": "забудь об этом",
        "userDefined": false
      }
    ],
    "isTemplate": false,
    "count": 0,
    "updated": 1529616573
  }
]