[
  {
    "id": "c3fdd00d-d644-453e-8f23-3fb473fee0e6",
    "data": [
      {
        "text": "доброй ночи тебе",
        "userDefined": false
      }
    ],
    "isTemplate": false,
    "count": 0,
    "updated": 0
  },
  {
    "id": "6a9bf36f-9d09-44c1-a33e-96805868a4d4",
    "data": [
      {
        "text": "спасибо спокойной ночи",
        "userDefined": false
      }
    ],
    "isTemplate": false,
    "count": 0,
    "updated": 0
  },
  {
    "id": "35db325f-0a90-4213-96cc-f9a1afea543a",
    "data": [
      {
        "text": "уже ",
        "userDefined": false
      },
      {
        "text": "ночь",
        "meta": "@sys.ignore",
        "userDefined": false
      },
      {
        "text": " спокойной ",
        "userDefined": false
      },
      {
        "text": "ночи",
        "meta": "@sys.ignore",
        "userDefined": false
      }
    ],
    "isTemplate": false,
    "count": 0,
    "updated": 0
  },
  {
    "id": "d65d0b38-ebbe-42f9-b201-1165ff57c528",
    "data": [
      {
        "text": "доброй ночи",
        "userDefined": false
      }
    ],
    "isTemplate": false,
    "count": 0,
    "updated": 0
  },
  {
    "id": "40075ece-16c7-4e5c-bc39-5deee2fc55c0",
    "data": [
      {
        "text": "спокойной ночи",
        "userDefined": false
      }
    ],
    "isTemplate": false,
    "count": 0,
    "updated": 0
  },
  {
    "id": "d4735aff-511e-490b-abe8-adc61e304527",
    "data": [
      {
        "text": "доброй ночи и всего доброго",
        "userDefined": false
      }
    ],
    "isTemplate": false,
    "count": 0,
    "updated": 0
  },
  {
    "id": "a7644ee1-07a0-41b4-bb1f-7d75ef68f9bd",
    "data": [
      {
        "text": "пока доброй ночи",
        "userDefined": false
      }
    ],
    "isTemplate": false,
    "count": 1,
    "updated": 0
  },
  {
    "id": "a2cb6da6-707d-481d-9571-d9bf1c8df2e9",
    "data": [
      {
        "text": "на сегодня всё спокойной ночи тебе",
        "userDefined": false
      }
    ],
    "isTemplate": false,
    "count": 0,
    "updated": 0
  },
  {
    "id": "a191a5df-997d-40c1-a346-4f4ce44bc6fd",
    "data": [
      {
        "text": "до завтра спокойной ночи",
        "userDefined": false
      }
    ],
    "isTemplate": false,
    "count": 0,
    "updated": 0
  },
  {
    "id": "e5d6c16b-60a4-4dff-b507-e105d406d38c",
    "data": [
      {
        "text": "спокойной",
        "meta": "@sys.ignore",
        "userDefined": false
      },
      {
        "text": " ночи увидимся завтра",
        "userDefined": false
      }
    ],
    "isTemplate": false,
    "count": 0,
    "updated": 0
  },
  {
    "id": "680b36e5-243f-4dad-8ac1-af004950421b",
    "data": [
      {
        "text": "пока спокойной ночи",
        "userDefined": false
      }
    ],
    "isTemplate": false,
    "count": 0,
    "updated": 0
  },
  {
    "id": "26d0d754-5399-434e-bcc1-337fbeca4fd4",
    "data": [
      {
        "text": "доброй тебе ночи",
        "userDefined": false
      }
    ],
    "isTemplate": false,
    "count": 0,
    "updated": 0
  },
  {
    "id": "921c45cd-505d-4ff5-a2ae-0c8823688fe6",
    "data": [
      {
        "text": "и тебе спокойной ночи",
        "userDefined": false
      }
    ],
    "isTemplate": false,
    "count": 0,
    "updated": 0
  }
]