[
  {
    "id": "303e0e74-a08b-4ad1-acff-c52839466213",
    "data": [
      {
        "text": "у меня всё чудесно благодарю",
        "userDefined": false
      }
    ],
    "isTemplate": false,
    "count": 0,
    "updated": 0
  },
  {
    "id": "43c1f345-e91a-48ce-acc4-ff04017f73f7",
    "data": [
      {
        "text": "я в порядке спасибо",
        "userDefined": false
      }
    ],
    "isTemplate": false,
    "count": 0,
    "updated": 0
  },
  {
    "id": "4b57992c-c275-4057-b0f0-bcbaa899b385",
    "data": [
      {
        "text": "у меня всё просто прекрасно",
        "userDefined": false
      }
    ],
    "isTemplate": false,
    "count": 0,
    "updated": 0
  },
  {
    "id": "1013e9a0-1c2c-43ae-8ae5-12f29469cd67",
    "data": [
      {
        "text": "у меня всё в порядке",
        "userDefined": false
      }
    ],
    "isTemplate": false,
    "count": 0,
    "updated": 0
  },
  {
    "id": "44eac8d0-4791-43d7-b3a6-f554d86d0c71",
    "data": [
      {
        "text": "у меня всё хорошо",
        "userDefined": false
      }
    ],
    "isTemplate": false,
    "count": 0,
    "updated": 0
  }
]