[
  {
    "id": "4210c18f-fcc9-4226-8718-65cee79a5942",
    "data": [
      {
        "text": "нужен твой совет",
        "userDefined": false
      }
    ],
    "isTemplate": false,
    "count": 0,
    "updated": 0
  },
  {
    "id": "b65a90a9-ba20-46a3-9ae0-24d0b3a75275",
    "data": [
      {
        "text": "что посоветуешь",
        "userDefined": false
      }
    ],
    "isTemplate": false,
    "count": 0,
    "updated": 0
  },
  {
    "id": "8c719afb-9fca-4b26-9299-adc3bcc20ebd",
    "data": [
      {
        "text": "твой совет",
        "userDefined": false
      }
    ],
    "isTemplate": false,
    "count": 0,
    "updated": 0
  },
  {
    "id": "6eb1ce79-1b2c-4b17-be02-6d7a7e7aba72",
    "data": [
      {
        "text": "что посоветуешь в такой ситуации",
        "userDefined": false
      }
    ],
    "isTemplate": false,
    "count": 0,
    "updated": 0
  },
  {
    "id": "4b23572b-1030-4241-bdaf-e5061d4ec5d9",
    "data": [
      {
        "text": "мне бы не помешал совет",
        "userDefined": false
      }
    ],
    "isTemplate": false,
    "count": 0,
    "updated": 0
  },
  {
    "id": "57017b78-3de8-40a1-80cf-b164e7592f91",
    "data": [
      {
        "text": "любой совет",
        "userDefined": false
      }
    ],
    "isTemplate": false,
    "count": 0,
    "updated": 0
  },
  {
    "id": "ce96d880-eaef-4b71-910f-5323f6e78977",
    "data": [
      {
        "text": "можешь мне посоветовать",
        "userDefined": false
      }
    ],
    "isTemplate": false,
    "count": 0,
    "updated": 0
  },
  {
    "id": "935bc8d3-8cdd-4666-a79d-9a7a0aa0d672",
    "data": [
      {
        "text": "как поступить",
        "userDefined": false
      }
    ],
    "isTemplate": false,
    "count": 0,
    "updated": 0
  },
  {
    "id": "60f6f2d1-3cfa-4593-ba8c-ed2801d91c73",
    "data": [
      {
        "text": "посоветуй мне",
        "userDefined": false
      }
    ],
    "isTemplate": false,
    "count": 0,
    "updated": 0
  },
  {
    "id": "31ea07e2-f65a-4151-802b-f62e3cc7a314",
    "data": [
      {
        "text": "что предлагаешь",
        "userDefined": false
      }
    ],
    "isTemplate": false,
    "count": 0,
    "updated": 0
  },
  {
    "id": "0be6c3c0-6ffb-4286-9a25-e3b6639b8ec8",
    "data": [
      {
        "text": "что мне следует делать",
        "userDefined": false
      }
    ],
    "isTemplate": false,
    "count": 1,
    "updated": 0
  },
  {
    "id": "3c8a53c0-d104-4974-8020-b0068258af4e",
    "data": [
      {
        "text": "могу спросить у тебя совета",
        "userDefined": false
      }
    ],
    "isTemplate": false,
    "count": 0,
    "updated": 0
  },
  {
    "id": "2eb86197-47bf-4870-9674-8dc00f03cb39",
    "data": [
      {
        "text": "что можешь порекомендовать",
        "userDefined": false
      }
    ],
    "isTemplate": false,
    "count": 0,
    "updated": 0
  },
  {
    "id": "b2e42221-517d-4fe1-b4a7-fa3cf3e9f2bb",
    "data": [
      {
        "text": "каким будет твой совет",
        "userDefined": false
      }
    ],
    "isTemplate": false,
    "count": 0,
    "updated": 0
  },
  {
    "id": "fe2adf8a-d3ce-4c71-863a-4902f021a977",
    "data": [
      {
        "text": "мне нужен совет",
        "userDefined": false
      }
    ],
    "isTemplate": false,
    "count": 0,
    "updated": 0
  },
  {
    "id": "54c07bed-0c6e-460b-86df-8faa55b11b94",
    "data": [
      {
        "text": "дай мне мудрый совет",
        "userDefined": false
      }
    ],
    "isTemplate": false,
    "count": 0,
    "updated": 0
  },
  {
    "id": "3815ee9d-7f3e-46dc-a1ea-bcee7f18a629",
    "data": [
      {
        "text": "что рекомендуешь",
        "userDefined": false
      }
    ],
    "isTemplate": false,
    "count": 0,
    "updated": 0
  },
  {
    "id": "a6d47436-3326-4edd-9d84-d4da30de552b",
    "data": [
      {
        "text": "хоть что-то мне посоветуй",
        "userDefined": false
      }
    ],
    "isTemplate": false,
    "count": 0,
    "updated": 0
  },
  {
    "id": "ffee7c9e-c330-4289-8904-f6c8a84063ef",
    "data": [
      {
        "text": "у тебя есть для меня совет",
        "userDefined": false
      }
    ],
    "isTemplate": false,
    "count": 0,
    "updated": 0
  },
  {
    "id": "e63b613e-4e70-4209-8c9e-37194438325f",
    "data": [
      {
        "text": "можешь дать мне совет",
        "userDefined": false
      }
    ],
    "isTemplate": false,
    "count": 0,
    "updated": 0
  },
  {
    "id": "984a04be-1bf8-434c-a08f-e671b93a9855",
    "data": [
      {
        "text": "ищу твоей поддержки",
        "userDefined": false
      }
    ],
    "isTemplate": false,
    "count": 0,
    "updated": 0
  },
  {
    "id": "7e4f5dad-5c9f-4f7a-a862-0ea29953878e",
    "data": [
      {
        "text": "как мне быть",
        "userDefined": false
      }
    ],
    "isTemplate": false,
    "count": 0,
    "updated": 0
  },
  {
    "id": "d291a5e3-ab06-495c-8252-b707355bda85",
    "data": [
      {
        "text": "дай мне совет",
        "userDefined": false
      }
    ],
    "isTemplate": false,
    "count": 0,
    "updated": 0
  },
  {
    "id": "d129451b-5431-44c8-9cd0-498262e8a798",
    "data": [
      {
        "text": "помоги советом",
        "userDefined": false
      }
    ],
    "isTemplate": false,
    "count": 0,
    "updated": 0
  }
]