[
  {
    "id": "8e1f5934-967b-4e88-b52c-496f50a09caa",
    "data": [
      {
        "text": "не могу уснуть",
        "userDefined": false
      }
    ],
    "isTemplate": false,
    "count": 0,
    "updated": 0
  },
  {
    "id": "cde1e19d-54f9-4611-b7b2-90fbab6aaa75",
    "data": [
      {
        "text": "страдаю от бессоницы",
        "userDefined": false
      }
    ],
    "isTemplate": false,
    "count": 0,
    "updated": 0
  },
  {
    "id": "0cf87f5c-ff8a-4f6c-9eb1-fa1d6827f27f",
    "data": [
      {
        "text": "бессонница",
        "userDefined": false
      }
    ],
    "isTemplate": false,
    "count": 0,
    "updated": 0
  },
  {
    "id": "b9d17732-15d7-4c6e-aebb-6d91a183e83d",
    "data": [
      {
        "text": "не могу заснуть",
        "userDefined": false
      }
    ],
    "isTemplate": false,
    "count": 0,
    "updated": 0
  },
  {
    "id": "528dd759-a126-4db5-9702-afda244c799e",
    "data": [
      {
        "text": "не могу выспаться",
        "userDefined": false
      }
    ],
    "isTemplate": false,
    "count": 0,
    "updated": 0
  },
  {
    "id": "5e80d1b4-83e3-4461-8fdd-8f669242004f",
    "data": [
      {
        "text": "никак не могу уснуть",
        "userDefined": false
      }
    ],
    "isTemplate": false,
    "count": 0,
    "updated": 0
  }
]