[
  {
    "id": "686f7b9b-f601-4885-94da-521a1b336a94",
    "data": [
      {
        "text": "да конечно",
        "userDefined": false
      }
    ],
    "isTemplate": false,
    "count": 0,
    "updated": 0
  },
  {
    "id": "60205c30-c952-40d4-843b-c2c4da0fc4e8",
    "data": [
      {
        "text": "я только за",
        "userDefined": false
      }
    ],
    "isTemplate": false,
    "count": 0,
    "updated": 0
  },
  {
    "id": "d6c8fd19-95f0-417e-8388-ad1297a7e590",
    "data": [
      {
        "text": "да",
        "userDefined": false
      }
    ],
    "isTemplate": false,
    "count": 0,
    "updated": 0
  },
  {
    "id": "7bd4ecb1-f9d6-4b47-89f5-972c7d28af88",
    "data": [
      {
        "text": "естественно",
        "meta": "@sys.ignore",
        "userDefined": false
      }
    ],
    "isTemplate": false,
    "count": 0,
    "updated": 0
  },
  {
    "id": "bad797f2-4dbb-4b58-a907-0da3f992f2ca",
    "data": [
      {
        "text": "уговорил",
        "userDefined": false
      }
    ],
    "isTemplate": false,
    "count": 0,
    "updated": 0
  },
  {
    "id": "746a7087-0272-43dd-86f3-de694e066580",
    "data": [
      {
        "text": "уверен",
        "userDefined": false
      }
    ],
    "isTemplate": false,
    "count": 0,
    "updated": 0
  },
  {
    "id": "e801cb2c-8c14-4137-96ab-5d61bd2cde2d",
    "data": [
      {
        "text": "ответ да",
        "userDefined": false
      }
    ],
    "isTemplate": false,
    "count": 0,
    "updated": 0
  },
  {
    "id": "a621b14b-c316-49b5-abf4-0d6ad9ca8c19",
    "data": [
      {
        "text": "конечно",
        "userDefined": false
      }
    ],
    "isTemplate": false,
    "count": 0,
    "updated": 0
  },
  {
    "id": "4d3718f9-b158-4428-be7d-8b4f4bc1358e",
    "data": [
      {
        "text": "да давай",
        "userDefined": false
      }
    ],
    "isTemplate": false,
    "count": 0,
    "updated": 0
  },
  {
    "id": "6ea3d1b4-2108-4e61-bcce-cab63236ac3e",
    "data": [
      {
        "text": "я не против",
        "userDefined": false
      }
    ],
    "isTemplate": false,
    "count": 0,
    "updated": 0
  },
  {
    "id": "d73671da-522b-41b3-a36a-9dbb5b068e75",
    "data": [
      {
        "text": "всё правильно",
        "userDefined": false
      }
    ],
    "isTemplate": false,
    "count": 0,
    "updated": 0
  },
  {
    "id": "b630fab9-50eb-45e0-90e2-123baa173e37",
    "data": [
      {
        "text": "почему бы и нет",
        "userDefined": false
      }
    ],
    "isTemplate": false,
    "count": 0,
    "updated": 0
  },
  {
    "id": "81657cb4-34a5-49b6-836d-f815bbb597ce",
    "data": [
      {
        "text": "ещё бы",
        "userDefined": false
      }
    ],
    "isTemplate": false,
    "count": 0,
    "updated": 0
  },
  {
    "id": "7a81c847-8806-4564-83db-5defa5a8a0a9",
    "data": [
      {
        "text": "подтверждаю",
        "userDefined": false
      }
    ],
    "isTemplate": false,
    "count": 0,
    "updated": 0
  },
  {
    "id": "afc0dc5e-32cc-46b5-a012-09b6fb0c2801",
    "data": [
      {
        "text": "почему бы нет",
        "userDefined": false
      }
    ],
    "isTemplate": false,
    "count": 0,
    "updated": 0
  },
  {
    "id": "9b9ad771-7717-4f21-9fad-11d687acd7b4",
    "data": [
      {
        "text": "да хочу",
        "userDefined": false
      }
    ],
    "isTemplate": false,
    "count": 0,
    "updated": 0
  },
  {
    "id": "48765cb0-6377-483c-8ab6-b91859226e6a",
    "data": [
      {
        "text": "правильно",
        "userDefined": false
      }
    ],
    "isTemplate": false,
    "count": 1,
    "updated": 0
  },
  {
    "id": "ea74d69d-2706-431f-a5be-613aef338806",
    "data": [
      {
        "text": "я за",
        "userDefined": false
      }
    ],
    "isTemplate": false,
    "count": 1,
    "updated": 0
  },
  {
    "id": "fea6d286-bf14-44af-8b1b-6ec200c93b26",
    "data": [
      {
        "text": "думаю да",
        "userDefined": false
      }
    ],
    "isTemplate": false,
    "count": 0,
    "updated": 0
  },
  {
    "id": "341b00a8-b64b-4a06-a88a-9abf15465f31",
    "data": [
      {
        "text": "пожалуй",
        "userDefined": false
      }
    ],
    "isTemplate": false,
    "count": 0,
    "updated": 0
  },
  {
    "id": "3a077d39-00a8-4ebc-88d4-e66e83f79665",
    "data": [
      {
        "text": "согласен",
        "userDefined": false
      }
    ],
    "isTemplate": false,
    "count": 0,
    "updated": 0
  },
  {
    "id": "80d1f613-8d97-4c5c-a5dd-eec0608e6056",
    "data": [
      {
        "text": "ладно",
        "userDefined": false
      }
    ],
    "isTemplate": false,
    "count": 0,
    "updated": 0
  },
  {
    "id": "989d9e57-4c8d-4b5a-bfe1-afe21e369bd4",
    "data": [
      {
        "text": "давай",
        "userDefined": false
      }
    ],
    "isTemplate": false,
    "count": 0,
    "updated": 0
  },
  {
    "id": "545d7628-b3bc-46e8-9439-5ef664a0e2e4",
    "data": [
      {
        "text": "давай попробуем",
        "userDefined": false
      }
    ],
    "isTemplate": false,
    "count": 1,
    "updated": 0
  },
  {
    "id": "d12c02aa-39d8-415f-813c-234ce1bc5866",
    "data": [
      {
        "text": "ответ положительный",
        "userDefined": false
      }
    ],
    "isTemplate": false,
    "count": 0,
    "updated": 0
  },
  {
    "id": "09347251-4ab7-4a1b-bfb9-cf6d4af5059a",
    "data": [
      {
        "text": "ага",
        "userDefined": false
      }
    ],
    "isTemplate": false,
    "count": 0,
    "updated": 0
  },
  {
    "id": "c4c1205e-88cf-4539-80e1-3a2795108714",
    "data": [
      {
        "text": "естественно",
        "userDefined": false
      }
    ],
    "isTemplate": false,
    "count": 0,
    "updated": 0
  }
]