[
  {
    "id": "59503703-c72b-4b71-917d-9cbb1304758a",
    "data": [
      {
        "text": "чувствую себя уставшим",
        "userDefined": false
      }
    ],
    "isTemplate": false,
    "count": 0,
    "updated": 0
  },
  {
    "id": "1db17700-0751-468a-b5bf-18fb390f8b17",
    "data": [
      {
        "text": "я жутко вымотался",
        "userDefined": false
      }
    ],
    "isTemplate": false,
    "count": 0,
    "updated": 0
  },
  {
    "id": "5fa81fbb-d1a4-44ef-a5b5-d59fe72de6a3",
    "data": [
      {
        "text": "я изнурён",
        "userDefined": false
      }
    ],
    "isTemplate": false,
    "count": 0,
    "updated": 0
  },
  {
    "id": "4bd03f63-367a-48cf-b0f9-42624746819e",
    "data": [
      {
        "text": "я опустошён",
        "userDefined": false
      }
    ],
    "isTemplate": false,
    "count": 0,
    "updated": 0
  },
  {
    "id": "2e44d689-8c61-48cf-b94d-d241c6a40a3f",
    "data": [
      {
        "text": "я истощена",
        "userDefined": false
      }
    ],
    "isTemplate": false,
    "count": 0,
    "updated": 0
  },
  {
    "id": "77d01b0f-e792-4106-93b1-0d181978d086",
    "data": [
      {
        "text": "я устаю",
        "userDefined": false
      }
    ],
    "isTemplate": false,
    "count": 0,
    "updated": 0
  },
  {
    "id": "6a548ee8-19ac-4737-ac3d-20d9ecf496cc",
    "data": [
      {
        "text": "я вымотана",
        "userDefined": false
      }
    ],
    "isTemplate": false,
    "count": 0,
    "updated": 0
  },
  {
    "id": "82593a1c-3346-4846-8261-1c122436572a",
    "data": [
      {
        "text": "я так устал",
        "userDefined": false
      }
    ],
    "isTemplate": false,
    "count": 0,
    "updated": 0
  },
  {
    "id": "204eca06-8ae8-4f22-bb54-6de0a1593d46",
    "data": [
      {
        "text": "я устал",
        "userDefined": false
      }
    ],
    "isTemplate": false,
    "count": 0,
    "updated": 0
  },
  {
    "id": "a2686411-568e-4586-a7cf-ca778be005cc",
    "data": [
      {
        "text": "я измотан",
        "userDefined": false
      }
    ],
    "isTemplate": false,
    "count": 0,
    "updated": 0
  }
]