[
  {
    "id": "09aee148-c316-4353-b5b5-56b49ccf102d",
    "data": [
      {
        "text": "не стоит",
        "userDefined": false
      }
    ],
    "isTemplate": false,
    "count": 0,
    "updated": 0
  },
  {
    "id": "9e301f2b-72fa-4798-8f79-c86423badeed",
    "data": [
      {
        "text": "мой ответ нет",
        "userDefined": false
      }
    ],
    "isTemplate": false,
    "count": 0,
    "updated": 0
  },
  {
    "id": "af2ff587-8d06-45ce-bbe4-f5d25b043404",
    "data": [
      {
        "text": "не думаю",
        "userDefined": false
      }
    ],
    "isTemplate": false,
    "count": 0,
    "updated": 0
  },
  {
    "id": "f40b2583-5d6f-4311-b74a-5ec08d690552",
    "data": [
      {
        "text": "не хочу",
        "userDefined": false
      }
    ],
    "isTemplate": false,
    "count": 0,
    "updated": 0
  },
  {
    "id": "25a7bde4-9409-45ba-8216-0a8c18accc92",
    "data": [
      {
        "text": "нет не надо",
        "userDefined": false
      }
    ],
    "isTemplate": false,
    "count": 0,
    "updated": 0
  },
  {
    "id": "58181235-a57a-4384-9dc5-df0f680005c4",
    "data": [
      {
        "text": "конечно нет",
        "userDefined": false
      }
    ],
    "isTemplate": false,
    "count": 0,
    "updated": 0
  },
  {
    "id": "256e4b75-4621-4d8f-a3d6-5da8bc8fd7a6",
    "data": [
      {
        "text": "не-а",
        "userDefined": false
      }
    ],
    "isTemplate": false,
    "count": 0,
    "updated": 0
  },
  {
    "id": "ef9ebcff-861c-4ac1-b3e7-96ef676cae65",
    "data": [
      {
        "text": "я не хочу",
        "userDefined": false
      }
    ],
    "isTemplate": false,
    "count": 1,
    "updated": 0
  },
  {
    "id": "c322a253-9ffe-4845-8216-07a77b835b68",
    "data": [
      {
        "text": "ответ нет",
        "userDefined": false
      }
    ],
    "isTemplate": false,
    "count": 0,
    "updated": 0
  },
  {
    "id": "0773ca20-d8c7-4b34-ba34-0ca7295e4797",
    "data": [
      {
        "text": "ни за что",
        "userDefined": false
      }
    ],
    "isTemplate": false,
    "count": 0,
    "updated": 0
  },
  {
    "id": "032ffbdb-bf6e-4239-b9fc-53014a0dc787",
    "data": [
      {
        "text": "не нужно спасибо",
        "userDefined": false
      }
    ],
    "isTemplate": false,
    "count": 0,
    "updated": 0
  },
  {
    "id": "31ad61e2-c981-44ae-b064-42603fe0a687",
    "data": [
      {
        "text": "не",
        "userDefined": false
      }
    ],
    "isTemplate": false,
    "count": 0,
    "updated": 0
  },
  {
    "id": "e5477d85-b348-4c1a-b2ee-cd5c4cd62048",
    "data": [
      {
        "text": "не нужно",
        "userDefined": false
      }
    ],
    "isTemplate": false,
    "count": 0,
    "updated": 0
  },
  {
    "id": "92fc530c-b03a-4aaa-9a4b-0e4fe8efc999",
    "data": [
      {
        "text": "не делай этого",
        "userDefined": false
      }
    ],
    "isTemplate": false,
    "count": 0,
    "updated": 0
  },
  {
    "id": "c564114e-17a9-4e0a-bff8-28535645743f",
    "data": [
      {
        "text": "нет",
        "userDefined": false
      }
    ],
    "isTemplate": false,
    "count": 0,
    "updated": 0
  },
  {
    "id": "b9fd67b0-7f5a-4df8-87f0-88e8d1276861",
    "data": [
      {
        "text": "не надо",
        "userDefined": false
      }
    ],
    "isTemplate": false,
    "count": 0,
    "updated": 0
  },
  {
    "id": "29462eb6-7a77-4aeb-a428-90ffc95f4bd8",
    "data": [
      {
        "text": "ответ отрицательный",
        "userDefined": false
      }
    ],
    "isTemplate": false,
    "count": 0,
    "updated": 0
  },
  {
    "id": "63a3b46d-f5f8-4d68-bcd5-544a79c76300",
    "data": [
      {
        "text": "вообще-то нет",
        "userDefined": false
      }
    ],
    "isTemplate": false,
    "count": 0,
    "updated": 0
  },
  {
    "id": "81439648-6a23-40ba-aefb-0b1b78e6a107",
    "data": [
      {
        "text": "неправильно",
        "userDefined": false
      }
    ],
    "isTemplate": false,
    "count": 0,
    "updated": 0
  },
  {
    "id": "2626f2b7-0960-47e1-be33-774e8c3bde71",
    "data": [
      {
        "text": "спасибо но нет",
        "userDefined": false
      }
    ],
    "isTemplate": false,
    "count": 0,
    "updated": 0
  },
  {
    "id": "e02c7b65-b236-4cdf-9600-53cafc237989",
    "data": [
      {
        "text": "спасибо не надо",
        "userDefined": false
      }
    ],
    "isTemplate": false,
    "count": 0,
    "updated": 0
  }
]