[
  {
    "id": "c30519eb-7fa3-46ff-9d83-10bdd9ba89dc",
    "data": [
      {
        "text": "всегда пожалуйста",
        "userDefined": false
      }
    ],
    "isTemplate": false,
    "count": 0,
    "updated": 0
  },
  {
    "id": "06fe3828-b981-4c7d-8fc5-e53dd3263740",
    "data": [
      {
        "text": "не стоит благодарности",
        "userDefined": false
      }
    ],
    "isTemplate": false,
    "count": 0,
    "updated": 0
  },
  {
    "id": "d8ed214d-112a-46ec-894c-71f86be076e5",
    "data": [
      {
        "text": "всё что угодно для тебя",
        "userDefined": false
      }
    ],
    "isTemplate": false,
    "count": 0,
    "updated": 0
  },
  {
    "id": "285d6488-df2b-4bc3-879f-82caa7b8cce4",
    "data": [
      {
        "text": "пожалуйста",
        "userDefined": false
      }
    ],
    "isTemplate": false,
    "count": 0,
    "updated": 0
  },
  {
    "id": "9942e15b-5b72-479b-bda2-a941e26343f7",
    "data": [
      {
        "text": "всё что пожелаешь",
        "userDefined": false
      }
    ],
    "isTemplate": false,
    "count": 0,
    "updated": 0
  },
  {
    "id": "cc831c86-c4b9-4c21-9c6b-c6a30bfa9d7b",
    "data": [
      {
        "text": "не за что",
        "userDefined": false
      }
    ],
    "isTemplate": false,
    "count": 0,
    "updated": 0
  },
  {
    "id": "f2decb32-45ac-418e-8667-2f93fdbc35ee",
    "data": [
      {
        "text": "конечно на здоровье",
        "userDefined": false
      }
    ],
    "isTemplate": false,
    "count": 0,
    "updated": 0
  },
  {
    "id": "59158a9b-2707-4244-b2c4-68b04c69b567",
    "data": [
      {
        "text": "на",
        "meta": "@sys.ignore",
        "userDefined": false
      },
      {
        "text": " здоровье",
        "userDefined": false
      }
    ],
    "isTemplate": false,
    "count": 0,
    "updated": 0
  }
]