[
  {
    "id": "5a33b22a-d187-4977-b72e-4b5511d6437d",
    "data": [
      {
        "text": "мой день рождения сегодня",
        "userDefined": false
      }
    ],
    "isTemplate": false,
    "count": 0,
    "updated": 0
  },
  {
    "id": "301135e7-89c9-40a8-a585-e726738f340a",
    "data": [
      {
        "text": "сегодня я праздную свой день рождения",
        "userDefined": false
      }
    ],
    "isTemplate": false,
    "count": 0,
    "updated": 0
  },
  {
    "id": "6d1ba421-30fc-4c0c-9548-24c7e99a541f",
    "data": [
      {
        "text": "сегодня у меня день рождения",
        "userDefined": false
      }
    ],
    "isTemplate": false,
    "count": 0,
    "updated": 0
  },
  {
    "id": "be5e63ba-59e1-47da-bc85-df7f50e833ff",
    "data": [
      {
        "text": "в этот день я родился",
        "userDefined": false
      }
    ],
    "isTemplate": false,
    "count": 0,
    "updated": 0
  },
  {
    "id": "018786c7-d291-4479-9f97-2faed32853dd",
    "data": [
      {
        "text": "это мой день рождения",
        "userDefined": false
      }
    ],
    "isTemplate": false,
    "count": 0,
    "updated": 0
  },
  {
    "id": "57abdedb-a545-4959-ab87-96d376b0e6c6",
    "data": [
      {
        "text": "праздную свой день рождения",
        "userDefined": false
      }
    ],
    "isTemplate": false,
    "count": 0,
    "updated": 0
  },
  {
    "id": "5922a486-77a6-4389-a361-c45b4064b42f",
    "data": [
      {
        "text": "у меня ",
        "userDefined": false
      },
      {
        "text": "сегодня",
        "meta": "@sys.ignore",
        "userDefined": false
      },
      {
        "text": " ",
        "userDefined": false
      },
      {
        "text": "день",
        "meta": "@sys.ignore",
        "userDefined": false
      },
      {
        "text": " рождения",
        "userDefined": false
      }
    ],
    "isTemplate": false,
    "count": 0,
    "updated": 0
  }
]