[
  {
    "id": "4e953e77-4c93-4ce9-8951-552a27b8775b",
    "data": [
      {
        "text": "мне так одиноко",
        "userDefined": false
      }
    ],
    "isTemplate": false,
    "count": 0,
    "updated": 0
  },
  {
    "id": "8a7f4016-3768-4bd7-b8b8-f4b50866253b",
    "data": [
      {
        "text": "я ощущаю себя одиноким",
        "userDefined": false
      }
    ],
    "isTemplate": false,
    "count": 0,
    "updated": 0
  },
  {
    "id": "c0e908d9-582a-444c-a6bd-a641aca05071",
    "data": [
      {
        "text": "чувствую одиночество",
        "userDefined": false
      }
    ],
    "isTemplate": false,
    "count": 0,
    "updated": 0
  },
  {
    "id": "116881fc-5c5c-4a08-b6e6-89913b0ed7bb",
    "data": [
      {
        "text": "мне действительно одиноко",
        "userDefined": false
      }
    ],
    "isTemplate": false,
    "count": 0,
    "updated": 0
  },
  {
    "id": "0ca0ff1f-859b-4875-9673-b569a976c186",
    "data": [
      {
        "text": "чувствую себя одиноко",
        "userDefined": false
      }
    ],
    "isTemplate": false,
    "count": 0,
    "updated": 0
  },
  {
    "id": "b9284eb7-99c2-4990-a4f3-d0a3a0501e44",
    "data": [
      {
        "text": "я чувствую себя одиноким",
        "userDefined": false
      }
    ],
    "isTemplate": false,
    "count": 0,
    "updated": 0
  },
  {
    "id": "f729a252-4052-40dd-b4f1-d867f9821c3d",
    "data": [
      {
        "text": "мне одиноко",
        "userDefined": false
      }
    ],
    "isTemplate": false,
    "count": 0,
    "updated": 0
  },
  {
    "id": "e47661ce-e3ef-4c50-9890-deb26264ac41",
    "data": [
      {
        "text": "я чувствую себя таким одиноким",
        "userDefined": false
      }
    ],
    "isTemplate": false,
    "count": 0,
    "updated": 0
  }
]