[
  {
    "id": "724fb625-e0a4-4a5c-a395-42c14f9cba71",
    "data": [
      {
        "text": "что нового",
        "userDefined": false
      }
    ],
    "isTemplate": false,
    "count": 0,
    "updated": 1529616684
  },
  {
    "id": "2de9b218-0e35-4c2d-8f81-b4a8963a9b85",
    "data": [
      {
        "text": "что случилось",
        "userDefined": false
      }
    ],
    "isTemplate": false,
    "count": 1,
    "updated": 1529616684
  },
  {
    "id": "06476bd8-59be-4f54-9680-3ba7555dfc22",
    "data": [
      {
        "text": "что стряслось",
        "userDefined": false
      }
    ],
    "isTemplate": false,
    "count": 0,
    "updated": 1529616684
  },
  {
    "id": "e4b11dc8-965c-45cb-9c38-d81e48be513b",
    "data": [
      {
        "text": "что слышно",
        "userDefined": false
      }
    ],
    "isTemplate": false,
    "count": 0,
    "updated": 1529616684
  },
  {
    "id": "e1673a9c-2e31-4092-81ae-e738d190594b",
    "data": [
      {
        "text": "что такое",
        "userDefined": false
      }
    ],
    "isTemplate": false,
    "count": 1,
    "updated": 1529616684
  },
  {
    "id": "5cda2f97-b55f-497a-8e51-a4f47d970eab",
    "data": [
      {
        "text": "что новенького",
        "userDefined": false
      }
    ],
    "isTemplate": false,
    "count": 0,
    "updated": 1529616684
  },
  {
    "id": "e5c6bda4-2def-4a79-a689-1e91acb3554e",
    "data": [
      {
        "text": "как оно вообще",
        "userDefined": false
      }
    ],
    "isTemplate": false,
    "count": 0,
    "updated": 1529616684
  },
  {
    "id": "60940d06-7479-41e2-87ee-fa88e34c1f02",
    "data": [
      {
        "text": "что происходит",
        "userDefined": false
      }
    ],
    "isTemplate": false,
    "count": 0,
    "updated": 1529616684
  }
]