[
  {
    "id": "90f78707-c115-4c41-b3c1-172c6a3018f6",
    "data": [
      {
        "text": "я правда хорошо выгляжу",
        "userDefined": false
      }
    ],
    "isTemplate": false,
    "count": 0,
    "updated": 0
  },
  {
    "id": "f46b2f8e-b7b3-4fd8-ba5f-70f0951058c8",
    "data": [
      {
        "text": "как по-твоему я выгляжу",
        "userDefined": false
      }
    ],
    "isTemplate": false,
    "count": 0,
    "updated": 0
  },
  {
    "id": "9bb0590b-f84a-4901-917b-f79aaea05831",
    "data": [
      {
        "text": "нормально ли я выгляжу",
        "userDefined": false
      }
    ],
    "isTemplate": false,
    "count": 0,
    "updated": 0
  },
  {
    "id": "10f5d112-85c9-4725-b89a-1c81583700c0",
    "data": [
      {
        "text": "как я выгляжу",
        "userDefined": false
      }
    ],
    "isTemplate": false,
    "count": 0,
    "updated": 0
  },
  {
    "id": "1eece7c3-32df-47c8-91d6-6b8d0cac7a44",
    "data": [
      {
        "text": "я хорошо выгляжу",
        "userDefined": false
      }
    ],
    "isTemplate": false,
    "count": 0,
    "updated": 0
  },
  {
    "id": "96960ab7-650c-4a9c-9f31-79842fc06da4",
    "data": [
      {
        "text": "ты знаешь как я выгляжу",
        "userDefined": false
      }
    ],
    "isTemplate": false,
    "count": 0,
    "updated": 0
  },
  {
    "id": "e2329e06-bc08-4296-b5fa-328af2a29dc3",
    "data": [
      {
        "text": "ты видишь как я выгляжу",
        "userDefined": false
      }
    ],
    "isTemplate": false,
    "count": 0,
    "updated": 0
  }
]