[
  {
    "id": "0c4d4243-6526-4eeb-b0ee-0afaeb78c5dc",
    "data": [
      {
        "text": "хочется выспаться",
        "userDefined": false
      }
    ],
    "isTemplate": false,
    "count": 0,
    "updated": 0
  },
  {
    "id": "6f64d215-0095-4599-9aa7-25d067e99b13",
    "data": [
      {
        "text": "я очень сонный",
        "userDefined": false
      }
    ],
    "isTemplate": false,
    "count": 0,
    "updated": 0
  },
  {
    "id": "83f39847-2864-4aa4-a37a-b7521f91243d",
    "data": [
      {
        "text": "как же хочется спать",
        "userDefined": false
      }
    ],
    "isTemplate": false,
    "count": 0,
    "updated": 0
  },
  {
    "id": "9445646f-e1c9-400c-a746-ca00852b1fdd",
    "data": [
      {
        "text": "я заснула",
        "userDefined": false
      }
    ],
    "isTemplate": false,
    "count": 0,
    "updated": 0
  },
  {
    "id": "c5375dd0-07d7-446d-acdb-43de45697395",
    "data": [
      {
        "text": "я сонный",
        "userDefined": false
      }
    ],
    "isTemplate": false,
    "count": 0,
    "updated": 0
  },
  {
    "id": "ee1c427f-e198-45e2-90bc-de463811a090",
    "data": [
      {
        "text": "хочу спать",
        "userDefined": false
      }
    ],
    "isTemplate": false,
    "count": 0,
    "updated": 0
  },
  {
    "id": "f00d04e2-98fb-4b69-9c28-3ab6a3833f0b",
    "data": [
      {
        "text": "я засыпаю",
        "userDefined": false
      }
    ],
    "isTemplate": false,
    "count": 0,
    "updated": 0
  },
  {
    "id": "f19b35cc-fdc3-48cf-8719-ed2a08c8b967",
    "data": [
      {
        "text": "я с ног валюсь",
        "userDefined": false
      }
    ],
    "isTemplate": false,
    "count": 0,
    "updated": 0
  },
  {
    "id": "63de99b6-5a4b-4a75-80f5-eb365f641a63",
    "data": [
      {
        "text": "я уже сплю",
        "userDefined": false
      }
    ],
    "isTemplate": false,
    "count": 0,
    "updated": 0
  }
]