[
  {
    "id": "ecbb1c8a-a605-45eb-9674-c4d4d625ec5b",
    "data": [
      {
        "text": "о спасибо",
        "userDefined": false
      }
    ],
    "isTemplate": false,
    "count": 0,
    "updated": 0
  },
  {
    "id": "07d61548-8368-4629-8734-e9dcc1a39e74",
    "data": [
      {
        "text": "спасибо тебе мой друг",
        "userDefined": false
      }
    ],
    "isTemplate": false,
    "count": 0,
    "updated": 0
  },
  {
    "id": "3b5b8d1a-e4af-48d9-bbfc-e974312a9c91",
    "data": [
      {
        "text": "чудесно спасибо",
        "userDefined": false
      }
    ],
    "isTemplate": false,
    "count": 0,
    "updated": 0
  },
  {
    "id": "d9908326-48b5-4c5d-af73-f247b3f0fd3a",
    "data": [
      {
        "text": "очень ценю твою помощь",
        "userDefined": false
      }
    ],
    "isTemplate": false,
    "count": 0,
    "updated": 0
  },
  {
    "id": "901290bd-b00f-4233-89cf-e6a5ebb36be4",
    "data": [
      {
        "text": "спасибо друг",
        "userDefined": false
      }
    ],
    "isTemplate": false,
    "count": 0,
    "updated": 0
  },
  {
    "id": "4477a9e7-ff66-42f2-bbb9-c68fb43cd95e",
    "data": [
      {
        "text": "спасибо большое",
        "userDefined": false
      }
    ],
    "isTemplate": false,
    "count": 0,
    "updated": 0
  },
  {
    "id": "cb57913e-dc4b-4562-92e9-1cd1ee7d105d",
    "data": [
      {
        "text": "спасибочки",
        "userDefined": false
      }
    ],
    "isTemplate": false,
    "count": 0,
    "updated": 0
  },
  {
    "id": "0c8b4dd0-e624-4864-a91c-b16d76dd8d55",
    "data": [
      {
        "text": "волшебно спасибо",
        "userDefined": false
      }
    ],
    "isTemplate": false,
    "count": 0,
    "updated": 0
  },
  {
    "id": "fef8d836-04f2-4e55-8ca1-9aa34341b454",
    "data": [
      {
        "text": "я благодарю тебя",
        "userDefined": false
      }
    ],
    "isTemplate": false,
    "count": 0,
    "updated": 0
  },
  {
    "id": "2733f533-4fda-4e44-b758-9445e1fc4a6a",
    "data": [
      {
        "text": "классно спасибо",
        "userDefined": false
      }
    ],
    "isTemplate": false,
    "count": 0,
    "updated": 0
  },
  {
    "id": "843f034a-d7f2-448e-9c7a-346833037850",
    "data": [
      {
        "text": "спасибо тебе снова и снова",
        "userDefined": false
      }
    ],
    "isTemplate": false,
    "count": 0,
    "updated": 0
  },
  {
    "id": "0b448f0d-cdc5-419e-b4b9-529e90736560",
    "data": [
      {
        "text": "ну спасибо",
        "userDefined": false
      }
    ],
    "isTemplate": false,
    "count": 0,
    "updated": 0
  },
  {
    "id": "6c47401e-9c72-4970-9fd2-06d0580ff9a3",
    "data": [
      {
        "text": "нет спасибо на этом всё",
        "userDefined": false
      }
    ],
    "isTemplate": false,
    "count": 0,
    "updated": 0
  },
  {
    "id": "7139f423-08f9-4d63-9be9-3485a82c2725",
    "data": [
      {
        "text": "окей спасибо",
        "userDefined": false
      }
    ],
    "isTemplate": false,
    "count": 0,
    "updated": 0
  },
  {
    "id": "8c668649-3bf1-4493-a68f-065b61515a13",
    "data": [
      {
        "text": "прекрасно спасибо",
        "userDefined": false
      }
    ],
    "isTemplate": false,
    "count": 0,
    "updated": 0
  },
  {
    "id": "f631e913-3ad1-4988-a166-977371b6b831",
    "data": [
      {
        "text": "спасибо тебе большое",
        "userDefined": false
      }
    ],
    "isTemplate": false,
    "count": 0,
    "updated": 0
  },
  {
    "id": "e86feab6-70ee-4ce1-a099-e7e4fdce49f2",
    "data": [
      {
        "text": "спасибо",
        "meta": "@sys.ignore",
        "userDefined": true
      }
    ],
    "isTemplate": false,
    "count": 0,
    "updated": 0
  },
  {
    "id": "62991960-af07-4b7f-91cb-32f48fc005ef",
    "data": [
      {
        "text": "благодарю",
        "userDefined": false
      }
    ],
    "isTemplate": false,
    "count": 0,
    "updated": 0
  },
  {
    "id": "70c6a992-1113-4fd8-8b6f-bc71ce74a4d5",
    "data": [
      {
        "text": "ценю это",
        "userDefined": false
      }
    ],
    "isTemplate": false,
    "count": 0,
    "updated": 0
  },
  {
    "id": "1f49368d-48bd-4c47-928e-462f5e4bd7bb",
    "data": [
      {
        "text": "хорошо спасибо",
        "userDefined": false
      }
    ],
    "isTemplate": false,
    "count": 1,
    "updated": 0
  },
  {
    "id": "9091d50b-f144-4655-9de2-f259038bc143",
    "data": [
      {
        "text": "молодец",
        "meta": "@sys.ignore",
        "userDefined": true
      },
      {
        "text": " спасибо",
        "userDefined": false
      }
    ],
    "isTemplate": false,
    "count": 0,
    "updated": 0
  },
  {
    "id": "d262621e-b83d-43e7-851c-35304bf08fb5",
    "data": [
      {
        "text": "спасибо тебе за помощь",
        "userDefined": false
      }
    ],
    "isTemplate": false,
    "count": 0,
    "updated": 0
  },
  {
    "id": "bfb98b97-b1c0-48d6-839f-dd0f3f2df4cc",
    "data": [
      {
        "text": "спасибо на этом всё",
        "userDefined": false
      }
    ],
    "isTemplate": false,
    "count": 0,
    "updated": 0
  },
  {
    "id": "50ef3a4b-1659-4746-be98-00530e1702d7",
    "data": [
      {
        "text": "очень хорошо спасибо",
        "userDefined": false
      }
    ],
    "isTemplate": false,
    "count": 0,
    "updated": 0
  },
  {
    "id": "52386a97-97be-46f9-925f-a5fd20560979",
    "data": [
      {
        "text": "и снова спасибо",
        "userDefined": false
      }
    ],
    "isTemplate": false,
    "count": 0,
    "updated": 0
  },
  {
    "id": "6d565a2f-8f87-4f4d-9deb-1179dbe830af",
    "data": [
      {
        "text": "вот здорово спасибо",
        "userDefined": false
      }
    ],
    "isTemplate": false,
    "count": 0,
    "updated": 0
  },
  {
    "id": "a69f63f8-63eb-4902-b55d-109277f72f80",
    "data": [
      {
        "text": "ты очень помог спасибо",
        "userDefined": false
      }
    ],
    "isTemplate": false,
    "count": 0,
    "updated": 0
  },
  {
    "id": "66c748ac-e3c1-4605-be1a-edd22c2d0808",
    "data": [
      {
        "text": "потрясающе спасибо",
        "userDefined": false
      }
    ],
    "isTemplate": false,
    "count": 0,
    "updated": 0
  },
  {
    "id": "0f4e5196-4c60-4de3-9d73-649abe6ae3f2",
    "data": [
      {
        "text": "чудно спасибо",
        "userDefined": false
      }
    ],
    "isTemplate": false,
    "count": 1,
    "updated": 0
  },
  {
    "id": "a36be3bb-a28a-4b12-a146-4f15a8b389cf",
    "data": [
      {
        "text": "спасибо огромное",
        "userDefined": false
      }
    ],
    "isTemplate": false,
    "count": 0,
    "updated": 0
  },
  {
    "id": "d5240f85-e8dd-4256-a570-f7c091fb7b31",
    "data": [
      {
        "text": "спасибо что помог",
        "userDefined": false
      }
    ],
    "isTemplate": false,
    "count": 0,
    "updated": 0
  },
  {
    "id": "cdf4553d-68ea-4a82-920c-50ad11d8393a",
    "data": [
      {
        "text": "так мило с твоей стороны спасибо",
        "userDefined": false
      }
    ],
    "isTemplate": false,
    "count": 0,
    "updated": 0
  },
  {
    "id": "ee1ee4f5-3eb1-40a3-80b5-5e2aef92800f",
    "data": [
      {
        "text": "ok",
        "meta": "@sys.ignore",
        "userDefined": true
      },
      {
        "text": " спасибо",
        "userDefined": false
      }
    ],
    "isTemplate": false,
    "count": 0,
    "updated": 0
  }
]