[
  {
    "id": "090b0ec1-ee40-4fb8-8a67-1bd21b2702e6",
    "data": [
      {
        "text": "никаких проблем",
        "userDefined": false
      }
    ],
    "isTemplate": false,
    "count": 0,
    "updated": 0
  },
  {
    "id": "2eaca3fb-3a2a-4c41-b94c-2fc7dc869831",
    "data": [
      {
        "text": "без проблем",
        "userDefined": false
      }
    ],
    "isTemplate": false,
    "count": 0,
    "updated": 0
  },
  {
    "id": "22e4ac89-5fb7-4de0-befe-ad661a34d7df",
    "data": [
      {
        "text": "не переживай",
        "userDefined": false
      }
    ],
    "isTemplate": false,
    "count": 0,
    "updated": 0
  },
  {
    "id": "90371531-4f5f-4846-8772-649ead088f29",
    "data": [
      {
        "text": "не переживай это не проблема",
        "userDefined": false
      }
    ],
    "isTemplate": false,
    "count": 0,
    "updated": 0
  },
  {
    "id": "091e0ff4-7c54-49a4-834b-6fbbe179a8c8",
    "data": [
      {
        "text": "это не проблема",
        "userDefined": false
      }
    ],
    "isTemplate": false,
    "count": 0,
    "updated": 0
  },
  {
    "id": "df9d9853-3eb7-4c96-aff9-d033bc0ef7e5",
    "data": [
      {
        "text": "нет проблем",
        "userDefined": false
      }
    ],
    "isTemplate": false,
    "count": 0,
    "updated": 0
  },
  {
    "id": "5e17dc54-bae5-4795-8d9d-186d7d26fd4a",
    "data": [
      {
        "text": "не беспокойся",
        "userDefined": false
      }
    ],
    "isTemplate": false,
    "count": 0,
    "updated": 0
  },
  {
    "id": "5e607b7b-2f2e-4a16-8550-40846930ccd1",
    "data": [
      {
        "text": "конечно без проблем",
        "userDefined": false
      }
    ],
    "isTemplate": false,
    "count": 0,
    "updated": 0
  }
]