[
  {
    "id": "bddb5a1e-84f7-4885-ba7e-11ee2c694817",
    "data": [
      {
        "text": "подожи пожалуйста",
        "userDefined": false
      }
    ],
    "isTemplate": false,
    "count": 0,
    "updated": 0
  },
  {
    "id": "a6aa116a-027e-4577-b5a1-30f333ccff9c",
    "data": [
      {
        "text": "погоди",
        "userDefined": false
      }
    ],
    "isTemplate": false,
    "count": 0,
    "updated": 0
  },
  {
    "id": "6db29973-7e92-4292-bc9a-bcefae272e5f",
    "data": [
      {
        "text": "притормози",
        "userDefined": false
      }
    ],
    "isTemplate": false,
    "count": 0,
    "updated": 0
  },
  {
    "id": "83699080-3294-4358-a78d-d1bed599db2e",
    "data": [
      {
        "text": "не торопись",
        "userDefined": false
      }
    ],
    "isTemplate": false,
    "count": 0,
    "updated": 0
  },
  {
    "id": "17e63708-df09-41e6-96dc-d644add28b58",
    "data": [
      {
        "text": "подожди секундочку",
        "userDefined": false
      }
    ],
    "isTemplate": false,
    "count": 0,
    "updated": 0
  },
  {
    "id": "701c607f-3a4b-4f07-a5d8-c8e5d5da0458",
    "data": [
      {
        "text": "подождите",
        "userDefined": false
      }
    ],
    "isTemplate": false,
    "count": 0,
    "updated": 0
  },
  {
    "id": "6761a8db-0de8-4110-bb29-192a29e2a8d5",
    "data": [
      {
        "text": "постой",
        "userDefined": false
      }
    ],
    "isTemplate": false,
    "count": 0,
    "updated": 0
  },
  {
    "id": "c35cca49-7111-46d2-a62c-e4e18fec4e1a",
    "data": [
      {
        "text": "можешь подождать",
        "userDefined": false
      }
    ],
    "isTemplate": false,
    "count": 0,
    "updated": 0
  },
  {
    "id": "69440fde-f05b-4c23-a82f-e7fe760ba5c6",
    "data": [
      {
        "text": "постой подожди",
        "userDefined": false
      }
    ],
    "isTemplate": false,
    "count": 0,
    "updated": 0
  }
]