[
  {
    "id": "4495f575-aec5-4851-964d-1a6b4ca54c8f",
    "data": [
      {
        "text": "ты в порядке",
        "userDefined": false
      }
    ],
    "isTemplate": false,
    "count": 0,
    "updated": 0
  },
  {
    "id": "db201603-bbcc-477e-909e-eec016d74698",
    "data": [
      {
        "text": "как ты этим вечером",
        "userDefined": false
      }
    ],
    "isTemplate": false,
    "count": 0,
    "updated": 0
  },
  {
    "id": "3b88e162-1a38-45a6-8e4b-2df7fd6eb9e7",
    "data": [
      {
        "text": "как жизнь",
        "userDefined": false
      }
    ],
    "isTemplate": false,
    "count": 0,
    "updated": 0
  },
  {
    "id": "dc3aae39-fbc8-430c-9849-79671e72bde7",
    "data": [
      {
        "text": "как твоё утро",
        "userDefined": false
      }
    ],
    "isTemplate": false,
    "count": 0,
    "updated": 0
  },
  {
    "id": "c1d7a53e-5225-4083-9ccd-4bb97b9ccf31",
    "data": [
      {
        "text": "всё хорошо а ты как",
        "userDefined": false
      }
    ],
    "isTemplate": false,
    "count": 0,
    "updated": 0
  },
  {
    "id": "047ffe05-7d39-4ab8-880d-610a5bebd4eb",
    "data": [
      {
        "text": "как твои дела сегодня",
        "userDefined": false
      }
    ],
    "isTemplate": false,
    "count": 0,
    "updated": 0
  },
  {
    "id": "c5b2adf5-030d-49df-a2f2-6e9a42063a27",
    "data": [
      {
        "text": "как у тебя дела сегодня утром",
        "userDefined": false
      }
    ],
    "isTemplate": false,
    "count": 0,
    "updated": 0
  },
  {
    "id": "56c1d6d7-7425-4b75-95a1-440eb1ae358b",
    "data": [
      {
        "text": "как поживаешь",
        "userDefined": false
      }
    ],
    "isTemplate": false,
    "count": 0,
    "updated": 0
  },
  {
    "id": "e9b6db1e-e89d-4aa7-ad21-4277ec605e83",
    "data": [
      {
        "text": "привет как ты",
        "userDefined": false
      }
    ],
    "isTemplate": false,
    "count": 0,
    "updated": 0
  },
  {
    "id": "04d682f6-cd29-4b60-a3b6-e30f37d312d1",
    "data": [
      {
        "text": "я в порядке а ты",
        "userDefined": false
      }
    ],
    "isTemplate": false,
    "count": 0,
    "updated": 0
  },
  {
    "id": "391dabb4-713f-4513-bee8-f278293c1c4b",
    "data": [
      {
        "text": "как твои дела",
        "userDefined": false
      }
    ],
    "isTemplate": false,
    "count": 0,
    "updated": 0
  },
  {
    "id": "ad7ddb30-53fc-46eb-9d0b-2b48338a8180",
    "data": [
      {
        "text": "как ты поживал всё это время",
        "userDefined": false
      }
    ],
    "isTemplate": false,
    "count": 0,
    "updated": 0
  },
  {
    "id": "832f0052-be99-413e-93df-13e0227d5a10",
    "data": [
      {
        "text": "как оно",
        "userDefined": false
      }
    ],
    "isTemplate": false,
    "count": 0,
    "updated": 0
  },
  {
    "id": "423a6a67-0c1d-4a00-adc3-ee1f31d3a77f",
    "data": [
      {
        "text": "надеюсь ты в порядке",
        "userDefined": false
      }
    ],
    "isTemplate": false,
    "count": 0,
    "updated": 0
  },
  {
    "id": "eb27bd97-d325-418a-b7c8-b7a949b3f426",
    "data": [
      {
        "text": "как дела",
        "userDefined": false
      }
    ],
    "isTemplate": false,
    "count": 0,
    "updated": 0
  },
  {
    "id": "36447f79-d531-4cb7-8baa-e850f70727e2",
    "data": [
      {
        "text": "как ты этим утром",
        "userDefined": false
      }
    ],
    "isTemplate": false,
    "count": 0,
    "updated": 0
  },
  {
    "id": "7bf63c5c-a142-4c02-80bb-3ac7da2d7438",
    "data": [
      {
        "text": "как ты как твои дела",
        "userDefined": false
      }
    ],
    "isTemplate": false,
    "count": 0,
    "updated": 0
  },
  {
    "id": "596d6296-b6b4-4087-b3ef-d7a87bc07d47",
    "data": [
      {
        "text": "как ты себя чувствуешь",
        "userDefined": false
      }
    ],
    "isTemplate": false,
    "count": 0,
    "updated": 0
  },
  {
    "id": "ed5404bb-aa88-4016-838c-8b901756cafb",
    "data": [
      {
        "text": "как ты себя ощущаешь",
        "userDefined": false
      }
    ],
    "isTemplate": false,
    "count": 0,
    "updated": 0
  },
  {
    "id": "781738a5-93ce-4d00-9435-8d0062c3a7ae",
    "data": [
      {
        "text": "ну и как твои дела",
        "userDefined": false
      }
    ],
    "isTemplate": false,
    "count": 0,
    "updated": 0
  },
  {
    "id": "43448ef0-db56-466c-83d8-70a01b658fc2",
    "data": [
      {
        "text": "как прошёл твой вечер",
        "userDefined": false
      }
    ],
    "isTemplate": false,
    "count": 0,
    "updated": 0
  },
  {
    "id": "310a5ddf-f845-4705-bb09-5d7362a0d694",
    "data": [
      {
        "text": "как прошло твоё утро",
        "userDefined": false
      }
    ],
    "isTemplate": false,
    "count": 0,
    "updated": 0
  },
  {
    "id": "23238397-de05-44a0-b004-e026053dfb12",
    "data": [
      {
        "text": "как ты поживаешь",
        "userDefined": false
      }
    ],
    "isTemplate": false,
    "count": 0,
    "updated": 0
  },
  {
    "id": "72c6281e-7f22-45fd-a06e-60bbfe1d5da2",
    "data": [
      {
        "text": "как у тебя дела сегодня",
        "userDefined": false
      }
    ],
    "isTemplate": false,
    "count": 0,
    "updated": 0
  },
  {
    "id": "de91e185-9a59-4244-902b-92a6ffa4cd3a",
    "data": [
      {
        "text": "как ты",
        "userDefined": false
      }
    ],
    "isTemplate": false,
    "count": 0,
    "updated": 0
  },
  {
    "id": "7b53fc77-7820-45d6-8a2f-ae2a67e31e23",
    "data": [
      {
        "text": "как твой вечер",
        "userDefined": false
      }
    ],
    "isTemplate": false,
    "count": 0,
    "updated": 0
  },
  {
    "id": "0aba693e-4013-45c4-9871-a3702de3c163",
    "data": [
      {
        "text": "как прошла ночь",
        "userDefined": false
      }
    ],
    "isTemplate": false,
    "count": 0,
    "updated": 0
  },
  {
    "id": "1ed4f468-d4ef-4a2c-b454-182902303c3e",
    "data": [
      {
        "text": "как твой день",
        "userDefined": false
      }
    ],
    "isTemplate": false,
    "count": 0,
    "updated": 0
  },
  {
    "id": "58fff0b5-6d49-457b-b26e-35c118a89067",
    "data": [
      {
        "text": "как проходит твой день",
        "userDefined": false
      }
    ],
    "isTemplate": false,
    "count": 0,
    "updated": 0
  },
  {
    "id": "04d4a4c7-de2f-46c9-baba-c906fc6bdb11",
    "data": [
      {
        "text": "а как насчёт тебя как твои дела",
        "userDefined": false
      }
    ],
    "isTemplate": false,
    "count": 0,
    "updated": 0
  },
  {
    "id": "54d51232-3e40-4cf1-91ad-7695735d3f96",
    "data": [
      {
        "text": "я в порядке как у тебя дела",
        "userDefined": false
      }
    ],
    "isTemplate": false,
    "count": 0,
    "updated": 0
  },
  {
    "id": "3ce10197-0194-4f74-b640-0d004ffb107f",
    "data": [
      {
        "text": "хорошо как дела у тебя",
        "userDefined": false
      }
    ],
    "isTemplate": false,
    "count": 0,
    "updated": 0
  },
  {
    "id": "1644b182-bff2-4580-b831-6b80cd744dfe",
    "data": [
      {
        "text": "день добрый как ты",
        "userDefined": false
      }
    ],
    "isTemplate": false,
    "count": 0,
    "updated": 0
  },
  {
    "id": "80e3a1ac-fc88-4b2b-a914-578e8563d8ad",
    "data": [
      {
        "text": "как тебе живётся",
        "userDefined": false
      }
    ],
    "isTemplate": false,
    "count": 0,
    "updated": 0
  },
  {
    "id": "201eb492-36d5-48ea-9119-45cb3d204e2e",
    "data": [
      {
        "text": "как ты жил всё это время",
        "userDefined": false
      }
    ],
    "isTemplate": false,
    "count": 0,
    "updated": 0
  },
  {
    "id": "c9aaa9be-3596-4647-89a0-63994c9231c2",
    "data": [
      {
        "text": "всё в порядке",
        "userDefined": false
      }
    ],
    "isTemplate": false,
    "count": 0,
    "updated": 0
  },
  {
    "id": "9535f478-6dd4-468b-8d5f-b286f68326b2",
    "data": [
      {
        "text": "привет как дела",
        "userDefined": false
      }
    ],
    "isTemplate": false,
    "count": 0,
    "updated": 0
  },
  {
    "id": "97352596-74f7-436a-b4d4-6c8c004bb4ca",
    "data": [
      {
        "text": "у тебя всё в порядке",
        "userDefined": false
      }
    ],
    "isTemplate": false,
    "count": 0,
    "updated": 0
  },
  {
    "id": "7d830147-0e7c-40ad-b08c-56a039f10979",
    "data": [
      {
        "text": "утро доброе как ты",
        "userDefined": false
      }
    ],
    "isTemplate": false,
    "count": 0,
    "updated": 0
  },
  {
    "id": "cf037ede-d897-4a9c-8f9b-f265757d0704",
    "data": [
      {
        "text": "как прошёл твой день",
        "userDefined": false
      }
    ],
    "isTemplate": false,
    "count": 0,
    "updated": 0
  },
  {
    "id": "927f090f-3837-4cc9-b7d0-1ad892ad3296",
    "data": [
      {
        "text": "привет как оно",
        "userDefined": false
      }
    ],
    "isTemplate": false,
    "count": 0,
    "updated": 0
  },
  {
    "id": "a31abe15-fcff-4b0c-a1f5-a291d1e0812a",
    "data": [
      {
        "text": "каким был твой день",
        "userDefined": false
      }
    ],
    "isTemplate": false,
    "count": 0,
    "updated": 0
  }
]